row_full,col_full,latitude,longitude,rowf_colf,km2,lon_station,lat_station,voltage,objectid,km_urban_fromstation,lat_urban_fromstation,lon_urban_fromstation,cost_trunk_upfront,km_site_spur,cost_spur_upfront,cost_trans_upfront,cost_trans_annual
972,2318,39.69595,-75.78479,972_2318,1.3924067905722968,-75.7494469864169,39.6882495732174,230,33535,0.0,39.6882495732174,-75.7494469864169,0.0,3.1498407238232704,8.06793525978357,8.06793525978357,0.527419037353316
974,2318,39.731838,-75.772736,974_2318,8.24970799568749,-75.7494469864169,39.6882495732174,230,33535,0.0,39.6882495732174,-75.7494469864169,0.0,5.235462145477409,13.410001758275975,13.410001758275975,0.8766419152508075
976,2318,39.767723,-75.760681,976_2318,1.0746183909247702,-75.7494469864169,39.6882495732174,230,33535,0.0,39.6882495732174,-75.7494469864169,0.0,8.87629297017936,22.73554865445861,22.73554865445861,1.486273848131463
962,2320,39.507298,-75.798248,962_2320,0.3631555099291029,-75.7309257886886,39.6334106472396,230,16507,0.0,39.6334106472396,-75.7309257886886,0.0,15.149746736334144,38.80424014662627,38.80424014662627,2.536720279025832
964,2320,39.543171,-75.78625500000001,964_2320,0.6360635456424515,-75.7309257886886,39.6334106472396,230,16507,0.0,39.6334106472396,-75.7309257886886,0.0,11.08926876033316,28.403817932772444,28.403817932772444,1.8568213339460498
966,2320,39.579048,-75.774261,966_2320,4.704203606899533,-75.7309257886886,39.6334106472396,230,16507,0.0,39.6334106472396,-75.7309257886886,0.0,7.090927287521095,18.162550841019215,18.162550841019215,1.1873267164402095
972,2320,39.686679999999996,-75.738159,972_2320,2.8197325405484785,-75.7494469864169,39.6882495732174,230,33535,0.0,39.6882495732174,-75.7494469864169,0.0,0.9838615248465788,2.5200420538786292,2.5200420538786292,0.16474080559022666
974,2320,39.722565,-75.726074,974_2320,9.582842546920382,-75.6936077613566,39.6931158730239,230,33535,0.0,39.6931158730239,-75.6936077613566,0.0,4.294501100041614,10.999844082957212,10.999844082957212,0.7190844981353375
976,2320,39.75845,-75.713989,976_2320,0.020433719624931575,-75.6936077613566,39.6931158730239,230,33535,0.0,39.6931158730239,-75.6936077613566,0.0,7.461496572662068,19.111719152664104,19.111719152664104,1.249375979491367
978,2320,39.794331,-75.701904,978_2320,1.0166341165588844,-75.630068787637,39.7257371197126,230,52743,0.0,39.7257371197126,-75.630068787637,0.0,9.79264205150586,25.082665766631408,25.082665766631408,1.6397101621321877
980,2320,39.830219,-75.689819,980_2320,1.0825656316788028,-75.630068787637,39.7257371197126,230,52743,0.0,39.7257371197126,-75.630068787637,0.0,12.679799459835136,32.47776955046072,32.47776955046072,2.1231446956536866
956,2322,39.390427,-75.78772,956_2322,0.9132597837426226,-75.5628888261881,39.3740884292752,230,39503,4.638233949878898,39.339960999999995,-75.593929,11.880274118093082,19.45582636790135,49.83374123479181,61.71401535288489,3.773413397066183
958,2322,39.426296,-75.775757,958_2322,6.368694950509412,-75.5628888261881,39.3740884292752,230,39503,4.638233949878898,39.339960999999995,-75.593929,11.880274118093082,19.23001212325401,49.25534541535485,61.13561953344794,3.7356023640727423
960,2322,39.462158,-75.763763,960_2322,12.14571708836987,-75.7309257886886,39.6334106472396,230,16507,0.0,39.6334106472396,-75.7309257886886,0.0,19.221843728400533,49.234423061930514,49.234423061930514,3.218564747960792
962,2322,39.498028000000005,-75.75177,962_2322,12.63738580510327,-75.7309257886886,39.6334106472396,230,16507,0.0,39.6334106472396,-75.7309257886886,0.0,15.137382743430468,38.7725712772943,38.7725712772943,2.5346500139531316
964,2322,39.533905,-75.739746,964_2322,6.95597001788009,-75.7309257886886,39.6334106472396,230,16507,0.0,39.6334106472396,-75.7309257886886,0.0,11.073733622865623,28.364026560976413,28.364026560976413,1.8542200826553703
966,2322,39.569778,-75.727722,966_2322,6.975467573085831,-75.7309257886886,39.6334106472396,230,16507,0.0,39.6334106472396,-75.7309257886886,0.0,7.070297669967855,18.109710575924282,18.109710575924282,1.1838724297048187
978,2322,39.785022999999995,-75.655212,978_2322,9.156085335710737,-75.630068787637,39.7257371197126,230,52743,0.0,39.7257371197126,-75.630068787637,0.0,6.926197492294574,17.740615435462644,17.740615435462644,1.1597438518957688
980,2322,39.820904,-75.643097,980_2322,8.856711971725863,-75.630068787637,39.7257371197126,230,52743,0.0,39.7257371197126,-75.630068787637,0.0,10.625197490227315,27.215155618890453,27.215155618890453,1.7791158103964442
982,2322,39.856784999999995,-75.630951,982_2322,0.11252542512788526,-75.5078107472613,39.7812910102043,230,53183,0.0,39.7812910102043,-75.5078107472613,0.0,13.469167631729075,34.49964045294998,34.49964045294998,2.255318934874363
950,2324,39.273586,-75.777252,950_2324,1.2108507322619126,-75.5628888261881,39.3740884292752,230,39503,4.638233949878898,39.339960999999995,-75.593929,11.880274118093082,21.59116901354321,55.303162622417545,67.18343674051063,4.130961749929217
952,2324,39.309447999999996,-75.76531999999999,952_2324,6.779336913645108,-75.5628888261881,39.3740884292752,230,39503,4.638233949878898,39.339960999999995,-75.593929,11.880274118093082,18.869203479484295,48.33117780361256,60.211451921705645,3.675187452891203
954,2324,39.345306,-75.753326,954_2324,12.611228243571324,-75.5628888261881,39.3740884292752,230,39503,4.638233949878898,39.339960999999995,-75.593929,11.880274118093082,16.721208138196737,42.82934806957135,54.709622187664436,3.3155204936786786
956,2324,39.381168,-75.741333,956_2324,16.912538560665936,-75.5628888261881,39.3740884292752,230,39503,4.638233949878898,39.339960999999995,-75.593929,11.880274118093082,15.395547528520842,39.433829085256384,51.31410320334947,3.0935477960357938
958,2324,39.417027000000004,-75.72934000000001,958_2324,13.757553018222294,-75.5628888261881,39.3740884292752,230,39503,4.638233949878898,39.339960999999995,-75.593929,11.880274118093082,15.110150188360766,38.70281838801355,50.58309250610663,3.0457599859182967
960,2324,39.452892,-75.717316,960_2324,5.022115284209703,-75.5628888261881,39.3740884292752,230,39503,4.638233949878898,39.339960999999995,-75.593929,11.880274118093082,15.91904153054871,40.774695525042375,52.65496964313546,3.181203244935648
962,2324,39.488754,-75.705292,962_2324,15.370426380556527,-75.6260940128976,39.6081211692773,500,33507,0.3278561284495638,39.605660412771954,-75.62398373895299,0.3084706175210344,14.898934860348785,38.16181592417905,38.470286541700084,2.508112903528383
964,2324,39.524615999999995,-75.693237,964_2324,14.960012752777965,-75.6260940128976,39.6081211692773,500,33507,0.3278561284495638,39.605660412771954,-75.62398373895299,0.3084706175210344,10.919977110423947,27.970197889333665,28.2786685068547,1.8418639563157044
966,2324,39.560482,-75.68118299999999,966_2324,9.274534150844657,-75.6260940128976,39.6081211692773,500,33507,0.3278561284495638,39.605660412771954,-75.62398373895299,0.3084706175210344,7.097458418553218,18.1792795415982,18.487750159119233,1.2018096470665638
968,2324,39.596354999999996,-75.669128,968_2324,4.2846078346083685,-75.6291233018173,39.6083708141137,230,25076,0.3595399512538915,39.605208,-75.630022,0.9209180096259656,3.6857963971589145,9.440720760295214,10.36163876992118,0.6571340629183858
970,2324,39.632221,-75.657043,970_2324,1.7832320594345006,-75.6291233018173,39.6083708141137,230,25076,0.3595399512538915,39.605208,-75.630022,0.9209180096259656,3.5720001835218205,9.149245550933458,10.070163560559424,0.6380796742323197
978,2324,39.775684000000005,-75.608521,978_2324,9.51249701096894,-75.630068787637,39.7257371197126,230,52743,0.0,39.7257371197126,-75.630068787637,0.0,5.844997918083009,14.971253765309223,14.971253765309223,0.9787044633627141
980,2324,39.811565,-75.596375,980_2324,16.767845148532153,-75.5078107472613,39.7812910102043,230,53183,0.0,39.7812910102043,-75.5078107472613,0.0,8.296667394329098,21.250907991359146,21.250907991359146,1.3892195555356006
982,2324,39.847435,-75.584198,982_2324,2.7563595295618164,-75.5078107472613,39.7812910102043,230,53183,0.0,39.7812910102043,-75.5078107472613,0.0,9.834365093681784,25.18953428241718,25.18953428241718,1.6466963968879464
944,2326,39.156776,-75.76681500000001,944_2326,1.5545648997716195,-75.4693333308675,39.2022051156863,230,21971,4.051151358434599,39.172543,-75.496644,10.376533213324615,26.19463852868392,67.09439185430755,77.47092506763217,4.836510165177955
946,2326,39.192623,-75.75488299999999,946_2326,7.198930371287021,-75.4693333308675,39.2022051156863,230,21971,4.051151358434599,39.172543,-75.496644,10.376533213324615,24.690174168193675,63.24088873293257,73.61742194625718,4.5845980164966695
948,2326,39.228466,-75.74292,948_2326,13.01666682413893,-75.5628888261881,39.3740884292752,230,39503,4.638233949878898,39.339960999999995,-75.593929,11.880274118093082,22.417186408004007,57.41890606670058,69.29918018479366,4.269272647914816
950,2326,39.26432,-75.73095699999999,950_2326,16.959947320756267,-75.5628888261881,39.3740884292752,230,39503,4.638233949878898,39.339960999999995,-75.593929,11.880274118093082,18.936104043307672,48.502535489633864,60.38280960772695,3.686389489458719
952,2326,39.300167,-75.718964,952_2326,16.976282868957973,-75.5628888261881,39.3740884292752,230,39503,4.638233949878898,39.339960999999995,-75.593929,11.880274118093082,15.761111044172434,40.3701757250433,52.25044984313639,3.154758877617858
954,2326,39.336021,-75.70697,954_2326,16.978162544615852,-75.5628888261881,39.3740884292752,230,39503,4.638233949878898,39.339960999999995,-75.593929,11.880274118093082,13.118072967330109,33.60035402205132,45.480628140144404,2.7122004372392228
956,2326,39.371883000000004,-75.694946,956_2326,16.734277017246008,-75.5628888261881,39.3740884292752,230,39503,4.638233949878898,39.339960999999995,-75.593929,11.880274118093082,11.38196789700234,29.15353129681046,41.03380541490354,2.421501654278203
958,2326,39.407742,-75.68292199999999,958_2326,14.453843919221427,-75.5628888261881,39.3740884292752,230,39503,4.638233949878898,39.339960999999995,-75.593929,11.880274118093082,10.994895449753388,28.162092135575666,40.042366253668746,2.3566890509075034
960,2326,39.4436,-75.670898,960_2326,8.510928455841741,-75.5628888261881,39.3740884292752,230,39503,4.638233949878898,39.339960999999995,-75.593929,11.880274118093082,12.086861165939707,30.959029973562906,42.83930409165599,2.539531155429778
962,2326,39.479462,-75.658813,962_2326,13.193810846525793,-75.6260940128976,39.6081211692773,500,33507,0.3278561284495638,39.605660412771954,-75.62398373895299,0.3084706175210344,14.558744413748059,37.29045932560156,37.59892994312259,2.4511503668179024
964,2326,39.515316,-75.646759,964_2326,14.308422768329375,-75.6260940128976,39.6081211692773,500,33507,0.3278561284495638,39.605660412771954,-75.62398373895299,0.3084706175210344,10.455727628904606,26.781079108514867,27.0895497260359,1.7641285924978467
966,2326,39.55117,-75.634674,966_2326,14.25138619791216,-75.6260940128976,39.6081211692773,500,33507,0.3278561284495638,39.605660412771954,-75.62398373895299,0.3084706175210344,6.365916533364519,16.30552366407606,16.613994281597094,1.0793180194894287
968,2326,39.587032,-75.622559,968_2326,8.833594956534672,-75.6260940128976,39.6081211692773,500,33507,0.3278561284495638,39.605660412771954,-75.62398373895299,0.3084706175210344,2.3610702343513257,6.047595248380345,6.356065865901379,0.40873421383918446
970,2326,39.622894,-75.610474,970_2326,5.377536734935384,-75.6260940128976,39.6081211692773,500,33507,0.3278561284495638,39.605660412771954,-75.62398373895299,0.3084706175210344,2.1187990877358374,5.427047069095022,5.735517686616056,0.36816758646656994
972,2326,39.65876,-75.59832800000001,972_2326,0.03384003186819571,-75.5585519728971,39.6764635051587,230,37491,0.0,39.6764635051587,-75.5585519728971,0.0,3.938576208772159,10.088185611343464,10.088185611343464,0.6594873375222245
978,2326,39.76635,-75.56189,978_2326,5.432840291964455,-75.538288933748,39.7316255840989,230,63798,0.0,39.7316255840989,-75.538288933748,0.0,4.35384438029834,11.151844703049939,11.151844703049939,0.7290211198539114
980,2326,39.802215999999994,-75.549683,980_2326,4.618898594263653,-75.5078107472613,39.7812910102043,230,53183,0.0,39.7812910102043,-75.5078107472613,0.0,4.273238596224812,10.945382756402694,10.945382756402694,0.715524238973672
982,2326,39.838078,-75.537476,982_2326,1.980168144672953,-75.5078107472613,39.7812910102043,230,53183,0.0,39.7812910102043,-75.5078107472613,0.0,6.79759800087948,17.4112234241997,17.4112234241997,1.1382107567607398
938,2328,39.039974,-75.75640899999999,938_2328,1.037736086565706,-75.4693333308675,39.2022051156863,230,21971,4.051151358434599,39.172543,-75.496644,10.376533213324615,30.670875899305344,78.55973136828855,88.93626458161317,5.586025144498081
940,2328,39.075817,-75.744507,940_2328,6.71751115546473,-75.4693333308675,39.2022051156863,230,21971,4.051151358434599,39.172543,-75.496644,10.376533213324615,27.620111551325984,70.7455682373739,81.12210145069852,5.075195760830055
942,2328,39.111664000000005,-75.73254399999999,942_2328,13.429411218761325,-75.4693333308675,39.2022051156863,230,21971,4.051151358434599,39.172543,-75.496644,10.376533213324615,24.872148976226224,63.7069951487313,74.08352836205592,4.615068439127622
944,2328,39.147498999999996,-75.72058100000001,944_2328,16.96451068193712,-75.4693333308675,39.2022051156863,230,21971,4.051151358434599,39.172543,-75.496644,10.376533213324615,22.54448802337805,57.744973725784305,68.12150693910893,4.225317716257431
946,2328,39.18335,-75.708618,946_2328,16.966900471503006,-75.4693333308675,39.2022051156863,230,21971,4.051151358434599,39.172543,-75.496644,10.376533213324615,20.77771289606439,53.21959336672261,63.596126580047226,3.929483444441776
948,2328,39.219189,-75.696655,948_2328,16.967845614995717,-75.4693333308675,39.2022051156863,230,21971,4.051151358434599,39.172543,-75.496644,10.376533213324615,19.72385027983112,50.52025200124689,60.8967852145715,3.7530214403942392
950,2328,39.255039000000004,-75.68463100000001,950_2328,16.972149267369563,-75.5628888261881,39.3740884292752,230,39503,4.638233949878898,39.339960999999995,-75.593929,11.880274118093082,16.879691910734934,43.23528504501704,55.11555916311012,3.342057504936429
952,2328,39.290882,-75.672638,952_2328,16.968180036744002,-75.5628888261881,39.3740884292752,230,39503,4.638233949878898,39.339960999999995,-75.593929,11.880274118093082,13.22402786042459,33.87174463919528,45.75201875728836,2.729941851049803
954,2328,39.326725,-75.660614,954_2328,16.980246454565936,-75.5628888261881,39.3740884292752,230,39503,4.638233949878898,39.339960999999995,-75.593929,11.880274118093082,9.930196998184353,25.434996091168586,37.31527020926167,2.1784126611996113
956,2328,39.362579,-75.64856,956_2328,16.980061896771062,-75.5628888261881,39.3740884292752,230,39503,4.638233949878898,39.339960999999995,-75.593929,11.880274118093082,7.492519245308614,19.191179968763397,31.071454086856477,1.7702403863047826
958,2328,39.39843,-75.63653599999999,958_2328,12.858952343944594,-75.5628888261881,39.3740884292752,230,39503,4.638233949878898,39.339960999999995,-75.593929,11.880274118093082,6.896508535131023,17.664570769929433,29.544844888022517,1.6704425163246852
960,2328,39.434277,-75.62445100000001,960_2328,5.7943310843438605,-75.5628888261881,39.3740884292752,230,39503,4.638233949878898,39.339960999999995,-75.593929,11.880274118093082,8.530494032549761,21.849826585848366,33.730100703941446,1.9440420833059089
962,2328,39.470135,-75.61236600000001,962_2328,6.1595635980387975,-75.5628888261881,39.3740884292752,230,39503,4.638233949878898,39.339960999999995,-75.593929,11.880274118093082,11.483037801472172,29.412409607643063,41.29268372573615,2.438425110539879
964,2328,39.505993,-75.60028100000001,964_2328,11.482226667555556,-75.6260940128976,39.6081211692773,500,33507,0.3278561284495638,39.605660412771954,-75.62398373895299,0.3084706175210344,11.553876748729277,29.593854985505796,29.90232560302683,1.9480060651801179
966,2328,39.541835999999996,-75.588165,966_2328,9.109867082505636,-75.6260940128976,39.6081211692773,500,33507,0.3278561284495638,39.605660412771954,-75.62398373895299,0.3084706175210344,8.048682946244517,20.615725882801257,20.924196500322292,1.3610856132788656
968,2328,39.577694,-75.57605,968_2328,5.333713153916458,-75.6260940128976,39.6081211692773,500,33507,0.3278561284495638,39.605660412771954,-75.62398373895299,0.3084706175210344,5.467306837728025,14.003843838370742,14.312314455891777,0.9288520428943698
932,2330,38.923214,-75.746063,932_2330,2.2782859922395637,-75.3999116649496,38.8809612832053,230,19692,14.598906642722984,39.002589,-75.463938,37.39333000754036,30.391268976810945,77.84355212410951,115.23688213164986,6.711885920860594
934,2330,38.959042,-75.734161,934_2330,8.017294221922885,-75.4693333308675,39.2022051156863,230,21971,4.051151358434599,39.172543,-75.496644,10.376533213324615,35.409578191246005,90.69734296801411,101.07387618133873,6.3794880590564
936,2330,38.994873,-75.722229,936_2330,13.819763888194807,-75.4693333308675,39.2022051156863,230,21971,4.051151358434599,39.172543,-75.496644,10.376533213324615,31.75540828582701,81.33762963324422,91.71416284656884,5.767622589394741
938,2330,39.030708000000004,-75.710297,938_2330,15.942571749360033,-75.4693333308675,39.2022051156863,230,21971,4.051151358434599,39.172543,-75.496644,10.376533213324615,28.227249149183585,72.30067761044405,82.67721082376868,5.176856751171936
940,2330,39.06654,-75.698334,940_2330,16.95844651437052,-75.4693333308675,39.2022051156863,230,21971,4.051151358434599,39.172543,-75.496644,10.376533213324615,24.87726756513866,63.72010579386794,74.09663900719255,4.615925511428576
942,2330,39.102371000000005,-75.686371,942_2330,16.959452253718528,-75.4693333308675,39.2022051156863,230,21971,4.051151358434599,39.172543,-75.496644,10.376533213324615,21.790142783877474,55.81280981991246,66.18934303323708,4.099007824763447
944,2330,39.138214000000005,-75.674377,944_2330,16.964765158476332,-75.4693333308675,39.2022051156863,230,21971,4.051151358434599,39.172543,-75.496644,10.376533213324615,19.090637509415185,48.89835423392645,59.27488744725106,3.64699434280588
946,2330,39.174053,-75.662384,946_2330,16.962053431792395,-75.4693333308675,39.2022051156863,230,21971,4.051151358434599,39.172543,-75.496644,10.376533213324615,16.969212156751162,43.464580305515845,53.84111351884046,3.291776344366618
948,2330,39.209891999999996,-75.650391,948_2330,16.968327101972864,-75.4693333308675,39.2022051156863,230,21971,4.051151358434599,39.172543,-75.496644,10.376533213324615,15.66204720430673,40.11643570556322,50.49296891888783,3.072900616566828
950,2330,39.245723999999996,-75.638367,950_2330,15.594557807050615,-75.4693333308675,39.2022051156863,230,21971,4.051151358434599,39.172543,-75.496644,10.376533213324615,15.375331623426508,39.382048494483826,49.75858170780844,3.0248920761608566
952,2330,39.28157,-75.626343,952_2330,4.777470198780236,-75.5628888261881,39.3740884292752,230,39503,4.638233949878898,39.339960999999995,-75.593929,11.880274118093082,11.637893136056777,29.809052779029912,41.689326897122996,2.464354564965277
954,2330,39.317413,-75.61425799999999,954_2330,11.644165482583547,-75.5628888261881,39.3740884292752,230,39503,4.638233949878898,39.339960999999995,-75.593929,11.880274118093082,7.694214541015879,19.707798023657915,31.588072141751,1.80401286816269
956,2330,39.35326,-75.602203,956_2330,16.14548786127749,-75.5628888261881,39.3740884292752,230,39503,4.638233949878898,39.339960999999995,-75.593929,11.880274118093082,4.102049582777619,10.506902846217985,22.387176964311067,1.2025296979315598
958,2330,39.389103000000006,-75.590149,958_2330,13.454035737182336,-75.5628888261881,39.3740884292752,230,39503,4.638233949878898,39.339960999999995,-75.593929,11.880274118093082,2.880140791800238,7.377131570989832,19.257405689082916,0.9979295245333943
960,2330,39.42495,-75.57803299999999,960_2330,3.018157212102172,-75.5628888261881,39.3740884292752,230,39503,4.638233949878898,39.339960999999995,-75.593929,11.880274118093082,5.795525915620727,14.844537226908173,26.724811345001257,1.4860905937233337
962,2330,39.460789,-75.56591800000001,962_2330,0.04422965877576767,-75.5628888261881,39.3740884292752,230,39503,4.638233949878898,39.339960999999995,-75.593929,11.880274118093082,9.62933122161587,24.664364868808647,36.54463898690173,2.128034768422322
978,2330,39.747581,-75.46856700000001,978_2330,0.2460777468680203,-75.5036617397811,39.7383848020259,230,23102,0.0,39.7383848020259,-75.5036617397811,0.0,3.176648385934585,8.136599837247575,8.136599837247575,0.5319077949077872
980,2330,39.783436,-75.45636,980_2330,2.5249876215435934,-75.4471109223533,39.8011974338023,230,36635,0.0,39.8011974338023,-75.4471109223533,0.0,2.1252336716575195,5.4435284759519265,5.4435284759519265,0.3558556751072574
982,2330,39.819297999999996,-75.444092,982_2330,0.8768097111883718,-75.4471109223533,39.8011974338023,230,36635,0.0,39.8011974338023,-75.4471109223533,0.0,2.0262815128497738,5.190074513966289,5.190074513966289,0.33928682070529054
926,2332,38.806465,-75.735748,926_2332,2.7161412015953,-75.3999116649496,38.8809612832053,230,19692,14.598906642722984,39.002589,-75.463938,37.39333000754036,30.30635351667504,77.62605146455245,115.0193814720928,6.697667414539762
928,2332,38.842285,-75.723846,928_2332,8.429670498758043,-75.3999116649496,38.8809612832053,230,19692,14.598906642722984,39.002589,-75.463938,37.39333000754036,28.4417714245139,72.85015041903917,110.24348042657952,6.3854560431278795
930,2332,38.878113,-75.711945,930_2332,14.206888966885796,-75.3999116649496,38.8809612832053,230,19692,14.598906642722984,39.002589,-75.463938,37.39333000754036,27.07793264959454,69.35684269156904,106.7501726991094,6.157090675846708
932,2332,38.913940000000004,-75.700012,932_2332,16.946185241288468,-75.3999116649496,38.8809612832053,230,19692,14.598906642722984,39.002589,-75.463938,37.39333000754036,26.290246742657683,67.33928070688025,104.7326107144206,6.025198120254515
934,2332,38.94976,-75.68808,934_2332,16.947767349650324,-75.3999116649496,38.8809612832053,230,19692,14.598906642722984,39.002589,-75.463938,37.39333000754036,26.13364534921566,66.9381652173489,104.33149522488925,5.998976300353372
936,2332,38.985588,-75.676147,936_2332,16.956326517178518,-75.4693333308675,39.2022051156863,230,21971,4.051151358434599,39.172543,-75.496644,10.376533213324615,29.97388733427275,76.77447963255415,87.15101284587877,5.469319231327475
938,2332,39.02142,-75.66415400000001,938_2332,16.95894728042084,-75.4693333308675,39.2022051156863,230,21971,4.051151358434599,39.172543,-75.496644,10.376533213324615,26.20573610307713,67.1228169461123,77.49935015943691,4.838368377232665
940,2332,39.05724,-75.652191,940_2332,16.956779546029086,-75.4693333308675,39.2022051156863,230,21971,4.051151358434599,39.172543,-75.496644,10.376533213324615,22.561163239670844,57.78768527131599,68.16421848464061,4.228109865859881
942,2332,39.093075,-75.640198,942_2332,16.965068969034938,-75.4693333308675,39.2022051156863,230,21971,4.051151358434599,39.172543,-75.496644,10.376533213324615,19.10376207536718,48.931971218941776,59.30850443226639,3.6491919605735736
944,2332,39.12891,-75.628174,944_2332,16.514132103123742,-75.4693333308675,39.2022051156863,230,21971,4.051151358434599,39.172543,-75.496644,10.376533213324615,15.958121950894665,40.87479528529107,51.251328498615685,3.122476284520125
946,2332,39.164742,-75.61618,946_2332,13.518286786139836,-75.4693333308675,39.2022051156863,230,21971,4.051151358434599,39.172543,-75.496644,10.376533213324615,13.352172926722014,34.19997269559471,44.57650590891932,2.686128149414209
948,2332,39.200565000000005,-75.60412600000001,948_2332,13.150162979173803,-75.4693333308675,39.2022051156863,230,21971,4.051151358434599,39.172543,-75.496644,10.376533213324615,11.64485458786625,29.826883694126078,40.203416907450695,2.4002495054801187
950,2332,39.236408000000004,-75.592102,950_2332,9.289236442648338,-75.4693333308675,39.2022051156863,230,21971,4.051151358434599,39.172543,-75.496644,10.376533213324615,11.26157953398251,28.845171095759927,39.221704309084544,2.3360727493565467
952,2332,39.272236,-75.580017,952_2332,11.703786375137515,-75.5628888261881,39.3740884292752,230,39503,4.638233949878898,39.339960999999995,-75.593929,11.880274118093082,11.403875574316693,29.20964515708524,41.089919275178325,2.4251699432784664
954,2332,39.308075,-75.567963,954_2332,15.809310071119075,-75.5628888261881,39.3740884292752,230,39503,4.638233949878898,39.339960999999995,-75.593929,11.880274118093082,7.341985819975995,18.8056068441189,30.685880962211982,1.7450346056829429
956,2332,39.34391,-75.555847,956_2332,9.270137898072543,-75.5628888261881,39.3740884292752,230,39503,4.638233949878898,39.339960999999995,-75.593929,11.880274118093082,3.4050050330192554,8.721507712393752,20.601781830486836,1.0858144105059475
958,2332,39.379753,-75.543762,958_2332,9.051708564099696,-75.5628888261881,39.3740884292752,230,39503,4.638233949878898,39.339960999999995,-75.593929,11.880274118093082,1.7639775119712457,4.518214606427385,16.39848872452047,0.8110357053875229
960,2332,39.415588,-75.53164699999999,960_2332,0.9329499437112913,-75.5628888261881,39.3740884292752,230,39503,4.638233949878898,39.339960999999995,-75.593929,11.880274118093082,5.335831151364466,13.667084802336282,25.547358920429364,1.4091178857998328
982,2332,39.809872,-75.39743,982_2332,0.061784143357693576,-75.4471109223533,39.8011974338023,230,36635,0.0,39.8011974338023,-75.4471109223533,0.0,4.362114262074659,11.173027002927126,11.173027002927126,0.7304058543430246
918,2334,38.653946000000005,-75.737305,918_2334,0.0015622642450089568,-75.3999116649496,38.8809612832053,230,19692,14.598906642722984,39.002589,-75.463938,37.39333000754036,38.664082856682164,99.03336222918223,136.4266922367226,8.097111370428323
920,2334,38.689751,-75.725464,920_2334,3.5787698886975305,-75.3999116649496,38.8809612832053,230,19692,14.598906642722984,39.002589,-75.463938,37.39333000754036,35.36501834578333,90.5832083244241,127.97653833196446,7.544705842318711
922,2334,38.725567,-75.713562,922_2334,9.129485851208218,-75.3999116649496,38.8809612832053,230,19692,14.598906642722984,39.002589,-75.463938,37.39333000754036,32.24743422042099,82.5978944321641,119.99122443970445,7.022687949213702
924,2334,38.761379,-75.701691,924_2334,14.72227234373434,-75.3999116649496,38.8809612832053,230,19692,14.598906642722984,39.002589,-75.463938,37.39333000754036,29.378082696071704,75.2483982621126,112.64172826965296,6.542234887776465
926,2334,38.797195,-75.689789,926_2334,16.941650088476134,-75.3999116649496,38.8809612832053,230,19692,14.598906642722984,39.002589,-75.463938,37.39333000754036,26.8307864498378,68.72380765450893,106.11713766204929,6.115707754553147
928,2334,38.833012,-75.677856,928_2334,16.94039351521883,-75.3999116649496,38.8809612832053,230,19692,14.598906642722984,39.002589,-75.463938,37.39333000754036,24.70594216470213,63.281276544939864,100.67460655248021,5.759917279525042
930,2334,38.868824,-75.665924,930_2334,16.94217379874554,-75.3999116649496,38.8809612832053,230,19692,14.598906642722984,39.002589,-75.463938,37.39333000754036,23.12349854627143,59.228039005277886,96.62136901281823,5.494948043593148
932,2334,38.90464,-75.653992,932_2334,16.94405770717004,-75.3999116649496,38.8809612832053,230,19692,14.598906642722984,39.002589,-75.463938,37.39333000754036,22.199411860523313,56.86110295716104,94.2544329647014,5.340216121263848
934,2334,38.940464,-75.64202900000001,934_2334,16.951129568702267,-75.3999116649496,38.8809612832053,230,19692,14.598906642722984,39.002589,-75.463938,37.39333000754036,22.014485734953563,56.387437099184446,93.7807671067248,5.309251520929679
936,2334,38.976284,-75.63003499999999,936_2334,16.9542378946891,-75.4693333308675,39.2022051156863,230,21971,4.051151358434599,39.172543,-75.496644,10.376533213324615,28.676985416170293,73.4526225512096,83.82915576453422,5.252161977624495
938,2334,39.012104,-75.618042,938_2334,16.95245126661768,-75.4693333308675,39.2022051156863,230,21971,4.051151358434599,39.172543,-75.496644,10.376533213324615,24.715367705400908,63.30541892508342,73.68195213840804,4.58881650000311
940,2334,39.047928000000006,-75.606049,940_2334,16.828427445590734,-75.4693333308675,39.2022051156863,230,21971,4.051151358434599,39.172543,-75.496644,10.376533213324615,20.81150016921728,53.30613537195495,63.682668585279565,3.935140889577434
942,2334,39.083755,-75.594025,942_2334,14.411506974175095,-75.4693333308675,39.2022051156863,230,21971,4.051151358434599,39.172543,-75.496644,10.376533213324615,17.003822661229325,43.55323091801391,53.92976413133852,3.297571633892251
944,2334,39.119578999999995,-75.582001,944_2334,13.816483762949774,-75.4693333308675,39.2022051156863,230,21971,4.051151358434599,39.172543,-75.496644,10.376533213324615,13.377975373180378,34.26606253499377,44.642595748318385,2.690448590562075
946,2334,39.155403,-75.569946,946_2334,4.331450296926312,-75.4693333308675,39.2022051156863,230,21971,4.051151358434599,39.172543,-75.496644,10.376533213324615,10.128108505214053,25.94192242995301,36.31845564327762,2.146280867392653
948,2334,39.191235,-75.55792199999999,948_2334,0.4308919062721082,-75.4693333308675,39.2022051156863,230,21971,4.051151358434599,39.172543,-75.496644,10.376533213324615,7.749125857912907,19.848446706749723,30.22497992007434,1.7479366818502053
950,2334,39.227058,-75.545837,950_2334,15.456904811042467,-75.4693333308675,39.2022051156863,230,21971,4.051151358434599,39.172543,-75.496644,10.376533213324615,7.160141370175382,18.339834325132117,28.71636753845673,1.6493153042074953
952,2334,39.262890000000006,-75.533752,952_2334,15.911254092088821,-75.4693333308675,39.2022051156863,230,21971,4.051151358434599,39.172543,-75.496644,10.376533213324615,8.7365106541984,22.377513193405793,32.75404640673041,1.913267434867485
954,2334,39.298714000000004,-75.521637,954_2334,16.12873054234831,-75.5628888261881,39.3740884292752,230,39503,4.638233949878898,39.339960999999995,-75.593929,11.880274118093082,9.092622121038826,23.289649555732005,35.16992367382509,2.038166542697715
956,2334,39.334545,-75.50952099999999,956_2334,6.458529813980326,-75.5628888261881,39.3740884292752,230,39503,4.638233949878898,39.339960999999995,-75.593929,11.880274118093082,6.358702380705919,16.287045486381686,28.16731960447477,1.5803905965230758
958,2334,39.37038,-75.49740600000001,958_2334,1.4007013663651915,-75.5628888261881,39.3740884292752,230,39503,4.638233949878898,39.339960999999995,-75.593929,11.880274118093082,5.657700370991136,14.49151379851518,26.371787916608262,1.4630126598070428
912,2336,38.537265999999995,-75.727051,912_2336,0.002670572232790705,-75.3999116649496,38.8809612832053,230,19692,14.598906642722984,39.002589,-75.463938,37.39333000754036,47.59570641268186,121.91063347326515,159.30396348080552,9.5926499423564
914,2336,38.573055,-75.71521,914_2336,3.013324813443901,-75.3999116649496,38.8809612832053,230,19692,14.598906642722984,39.002589,-75.463938,37.39333000754036,43.818425989007146,112.23558746672768,149.62891747426804,8.960170468140351
916,2336,38.608868,-75.703369,916_2336,10.237814885416892,-75.3999116649496,38.8809612832053,230,19692,14.598906642722984,39.002589,-75.463938,37.39333000754036,40.10409105719093,102.72176870872015,140.1150987162605,8.33823078105406
918,2336,38.64468,-75.691467,918_2336,14.963165630166236,-75.3999116649496,38.8809612832053,230,19692,14.598906642722984,39.002589,-75.463938,37.39333000754036,36.471089855147945,93.41627644204411,130.80960644958446,7.729909864319205
920,2336,38.680473,-75.679565,920_2336,16.929890955733054,-75.3999116649496,38.8809612832053,230,19692,14.598906642722984,39.002589,-75.463938,37.39333000754036,32.952026410558275,84.40262193206026,121.79595193960061,7.140667036803186
922,2336,38.716282,-75.667664,922_2336,16.93111357833407,-75.3999116649496,38.8809612832053,230,19692,14.598906642722984,39.002589,-75.463938,37.39333000754036,29.584351794513733,75.77673155837662,113.17006156591698,6.5767732212589225
924,2336,38.752094,-75.655762,924_2336,16.934782488791885,-75.3999116649496,38.8809612832053,230,19692,14.598906642722984,39.002589,-75.463938,37.39333000754036,26.427387331598045,67.69054970429052,105.08387971183087,6.0481613630794415
926,2336,38.787898999999996,-75.643829,926_2336,16.939424223082007,-75.3999116649496,38.8809612832053,230,19692,14.598906642722984,39.002589,-75.463938,37.39333000754036,23.5642398775795,60.35694450847051,97.75027451601088,5.568747130296861
928,2336,38.823715,-75.631897,928_2336,16.938741093041095,-75.3999116649496,38.8809612832053,230,19692,14.598906642722984,39.002589,-75.463938,37.39333000754036,21.116718477185856,54.08791507597827,91.48124508351863,5.158926604727428
930,2336,38.85952,-75.619934,930_2336,16.943085661456273,-75.3999116649496,38.8809612832053,230,19692,14.598906642722984,39.002589,-75.463938,37.39333000754036,19.242288432660274,49.286789694035264,86.68011970157562,4.84506626182417
932,2336,38.895336,-75.60797099999999,932_2336,16.947263079386584,-75.3999116649496,38.8809612832053,230,19692,14.598906642722984,39.002589,-75.463938,37.39333000754036,18.122166954355688,46.41773428380319,83.81106429134354,4.657509669727952
934,2336,38.931141,-75.595978,934_2336,14.650560187522256,-75.3999116649496,38.8809612832053,230,19692,14.598906642722984,39.002589,-75.463938,37.39333000754036,17.896046638513315,45.83855450009536,83.23188450763573,4.619647387230425
936,2336,38.966957,-75.583984,936_2336,16.952709809639487,-75.3999116649496,38.8809612832053,230,19692,14.598906642722984,39.002589,-75.463938,37.39333000754036,18.599562804184497,47.64052589373359,85.03385590127394,4.737446301967426
938,2336,39.002773,-75.57196,938_2336,13.12686913443067,-75.4693333308675,39.2022051156863,230,21971,4.051151358434599,39.172543,-75.496644,10.376533213324615,23.853848890522702,61.09874289510115,71.47527610842576,4.444561134781561
940,2336,39.038593,-75.559937,940_2336,8.820785237532727,-75.4693333308675,39.2022051156863,230,21971,4.051151358434599,39.172543,-75.496644,10.376533213324615,19.781763904009438,50.66859073056618,61.04512394389079,3.762718676093413
942,2336,39.074402,-75.547882,942_2336,8.56062590910234,-75.4693333308675,39.2022051156863,230,21971,4.051151358434599,39.172543,-75.496644,10.376533213324615,15.729962833710177,40.29039335904399,50.6669265723686,3.0842726188430993
944,2336,39.110229,-75.53582800000001,944_2336,0.26533370015785945,-75.4693333308675,39.2022051156863,230,21971,4.051151358434599,39.172543,-75.496644,10.376533213324615,11.717477916747594,30.012899549255877,40.38943276258049,2.4124097794642267
948,2336,39.18187,-75.511688,948_2336,8.893805649493087,-75.4693333308675,39.2022051156863,230,21971,4.051151358434599,39.172543,-75.496644,10.376533213324615,4.299496365211478,11.012638849273841,21.389172062598455,1.1703200892061776
950,2336,39.217690000000005,-75.499573,950_2336,16.43292785874615,-75.4693333308675,39.2022051156863,230,21971,4.051151358434599,39.172543,-75.496644,10.376533213324615,3.126796885887539,8.008911261777486,18.3854444751021,0.9739596745947909
952,2336,39.253516999999995,-75.487488,952_2336,8.993315983391668,-75.4693333308675,39.2022051156863,230,21971,4.051151358434599,39.172543,-75.496644,10.376533213324615,5.9083918087176235,15.133629532959171,25.510162746283786,1.439718500242709
954,2336,39.289336999999996,-75.475342,954_2336,2.899664791252398,-75.4693333308675,39.2022051156863,230,21971,4.051151358434599,39.172543,-75.496644,10.376533213324615,9.687293968425285,24.812829419793932,35.18936263311855,2.0724695229376606
956,2336,39.325165000000005,-75.463196,956_2336,5.02107262449063,-75.5628888261881,39.3740884292752,230,39503,4.638233949878898,39.339960999999995,-75.593929,11.880274118093082,10.16602568275706,26.039042684744615,37.9193168028377,2.2179005428746765
908,2338,38.456402000000004,-75.705017,908_2338,1.6948017837218947,-75.2435171191613,38.5856124707434,230,20081,26.011850762461258,38.554598999999996,-75.53936999999999,66.62620314463372,42.72562953287731,109.43652178905913,176.06272493369283,10.046058303526243
910,2338,38.492199,-75.693176,910_2338,9.986004284023323,-75.2435171191613,38.5856124707434,230,20081,26.011850762461258,38.554598999999996,-75.53936999999999,66.62620314463372,40.552029358546356,103.86910837843094,170.49531152306466,9.682103992165018
912,2338,38.527988,-75.68130500000001,912_2338,15.553160582203324,-75.3999116649496,38.8809612832053,230,19692,14.598906642722984,39.002589,-75.463938,37.39333000754036,46.20035972416064,118.33662204379891,155.72995205133927,9.359008792926875
914,2338,38.563786,-75.669434,914_2338,15.116671069769929,-75.3999116649496,38.8809612832053,230,19692,14.598906642722984,39.002589,-75.463938,37.39333000754036,42.29764821372094,108.34029951050555,145.73362951804592,8.705526751014174
916,2338,38.599585999999995,-75.65753199999999,916_2338,16.926549928125088,-75.3999116649496,38.8809612832053,230,19692,14.598906642722984,39.002589,-75.463938,37.39333000754036,38.43611162891111,98.44944155889584,135.8427715664362,8.058939165533682
918,2338,38.63538,-75.64563000000001,918_2338,12.37999239483824,-75.3999116649496,38.8809612832053,230,19692,14.598906642722984,39.002589,-75.463938,37.39333000754036,34.632172053195845,88.7061113654415,126.09944137298186,7.421995800747059
920,2338,38.671177,-75.633728,920_2338,13.610628963450464,-75.3999116649496,38.8809612832053,230,19692,14.598906642722984,39.002589,-75.463938,37.39333000754036,30.906050840832027,79.16210347828452,116.55543348582488,6.7980825825252476
922,2338,38.706984999999996,-75.621796,922_2338,16.178691720486952,-75.3999116649496,38.8809612832053,230,19692,14.598906642722984,39.002589,-75.463938,37.39333000754036,27.287270217089247,69.8930354994193,107.28636550695965,6.192142803243146
924,2338,38.742783,-75.609863,924_2338,12.34252175813981,-75.3999116649496,38.8809612832053,230,19692,14.598906642722984,39.002589,-75.463938,37.39333000754036,23.82912349828466,61.03541179955065,98.428741807091,5.613100060013702
926,2338,38.778584,-75.5979,926_2338,16.868109147295268,-75.3999116649496,38.8809612832053,230,19692,14.598906642722984,39.002589,-75.463938,37.39333000754036,20.609027485705894,52.787526132418,90.18085613995837,5.0739172606123075
928,2338,38.814388,-75.585938,928_2338,16.942903888310486,-75.3999116649496,38.8809612832053,230,19692,14.598906642722984,39.002589,-75.463938,37.39333000754036,17.760022203724375,45.49014439626835,82.8834744038087,4.596871036696157
930,2338,38.850189,-75.573944,930_2338,16.944259926943875,-75.3999116649496,38.8809612832053,230,19692,14.598906642722984,39.002589,-75.463938,37.39333000754036,15.485769728518711,39.66492231580377,77.05825232334413,4.216063193906114
932,2338,38.886002000000005,-75.56195100000001,932_2338,16.862538356627212,-75.3999116649496,38.8809612832053,230,19692,14.598906642722984,39.002589,-75.463938,37.39333000754036,14.071007540382547,36.04118043719292,73.43451044473328,3.979171053390214
934,2338,38.921803000000004,-75.549927,934_2338,11.94323473470931,-75.3999116649496,38.8809612832053,230,19692,14.598906642722984,39.002589,-75.463938,37.39333000754036,13.7805364503699,35.297173944630885,72.69050395217124,3.9305336789621235
936,2338,38.957615000000004,-75.537903,936_2338,16.783863588484607,-75.3999116649496,38.8809612832053,230,19692,14.598906642722984,39.002589,-75.463938,37.39333000754036,14.68431444376417,37.61209173865557,75.00542174619594,4.081865051260383
938,2338,38.993427000000004,-75.525879,938_2338,16.954361087030563,-75.3999116649496,38.8809612832053,230,19692,14.598906642722984,39.002589,-75.463938,37.39333000754036,16.58815720093453,42.48855421927721,79.88188422681756,4.400650349407164
940,2338,39.029236,-75.513824,940_2338,9.765387613315475,-75.4693333308675,39.2022051156863,230,21971,4.051151358434599,39.172543,-75.496644,10.376533213324615,19.584341952047268,50.162918327754156,60.53945154107877,3.7296617360809305
942,2338,39.065044,-75.50177,942_2338,0.8801355229552673,-75.4693333308675,39.2022051156863,230,21971,4.051151358434599,39.172543,-75.496644,10.376533213324615,15.483476989964963,39.659049743873595,50.03558295719821,3.0430002695950633
944,2338,39.100868,-75.489685,944_2338,2.376183970225668,-75.4693333308675,39.2022051156863,230,21971,4.051151358434599,39.172543,-75.496644,10.376533213324615,11.386997522488565,29.166414072913046,39.54294728623766,2.3570731238403595
946,2338,39.136677,-75.4776,946_2338,5.401141041426532,-75.4693333308675,39.2022051156863,230,21971,4.051151358434599,39.172543,-75.496644,10.376533213324615,7.3098407207706595,18.723271068425078,29.09980428174969,1.6743814247850282
948,2338,39.172489,-75.465485,948_2338,16.92112817411406,-75.4693333308675,39.2022051156863,230,21971,4.051151358434599,39.172543,-75.496644,10.376533213324615,3.3157672061476235,8.492935834305195,18.86946904762981,1.0056014473505088
950,2338,39.208302,-75.453369,950_2338,9.362642536442538,-75.4693333308675,39.2022051156863,230,21971,4.051151358434599,39.172543,-75.496644,10.376533213324615,1.5360986709421176,3.9345305735833573,14.311063786907972,0.707608263585088
952,2338,39.244122,-75.441223,952_2338,0.0715819494187021,-75.4693333308675,39.2022051156863,230,21971,4.051151358434599,39.172543,-75.496644,10.376533213324615,5.2486588746982745,13.443803580758479,23.820336794083094,1.3292507847359973
954,2338,39.279942,-75.429077,954_2338,3.0406972882150782,-75.4693333308675,39.2022051156863,230,21971,4.051151358434599,39.172543,-75.496644,10.376533213324615,9.30383860345452,23.830654976431703,34.207188189756316,2.00826257497003
956,2338,39.315758,-75.416901,956_2338,0.8769890369349261,-75.4693333308675,39.2022051156863,230,21971,4.051151358434599,39.172543,-75.496644,10.376533213324615,13.394328404264028,34.307948842160435,44.68448205548505,2.69318679248026
908,2340,38.447117,-75.659302,908_2340,3.3960738131207404,-75.2435171191613,38.5856124707434,230,20081,26.011850762461258,38.554598999999996,-75.53936999999999,66.62620314463372,39.386215267346806,100.88301687812017,167.50922002275388,9.486896488159209
910,2340,38.482906,-75.64743,910_2340,16.919634364743967,-75.2435171191613,38.5856124707434,230,20081,26.011850762461258,38.554598999999996,-75.53936999999999,66.62620314463372,37.017177465272454,94.8150136706703,161.44121681530402,9.090217498147593
912,2340,38.518692,-75.635559,912_2340,16.92180647147392,-75.2435171191613,38.5856124707434,230,20081,26.011850762461258,38.554598999999996,-75.53936999999999,66.62620314463372,34.97227624797571,89.5772470404334,156.20345018506714,8.747812936751178
914,2340,38.554493,-75.623657,914_2340,16.925949167522,-75.2435171191613,38.5856124707434,230,20081,26.011850762461258,38.554598999999996,-75.53936999999999,66.62620314463372,33.30810838362997,85.31468274967246,151.94088589430618,8.469159541241646
916,2340,38.590278999999995,-75.611755,916_2340,16.34795735121403,-75.3999116649496,38.8809612832053,230,19692,14.598906642722984,39.002589,-75.463938,37.39333000754036,37.1556537476449,95.16970388492352,132.56303389246386,7.844535352032545
918,2340,38.626068,-75.599823,918_2340,8.747333028856946,-75.3999116649496,38.8809612832053,230,19692,14.598906642722984,39.002589,-75.463938,37.39333000754036,33.20594605484704,85.05300632636146,122.44633633390181,7.183184124522251
920,2340,38.661869,-75.587891,920_2340,3.400272709841153,-75.3999116649496,38.8809612832053,230,19692,14.598906642722984,39.002589,-75.463938,37.39333000754036,29.298733509722997,75.04515493824039,112.43848494578074,6.5289484154916035
922,2340,38.697655,-75.575928,922_2340,11.996527177063749,-75.3999116649496,38.8809612832053,230,19692,14.598906642722984,39.002589,-75.463938,37.39333000754036,25.45494552765946,65.19975788147076,102.59308788901112,5.885332710749086
924,2340,38.733452,-75.563965,924_2340,15.097615498763542,-75.3999116649496,38.8809612832053,230,19692,14.598906642722984,39.002589,-75.463938,37.39333000754036,21.707302243271087,55.60062381525424,92.9939538227946,5.257815770465017
926,2340,38.769245,-75.551971,926_2340,16.93950589406794,-75.3999116649496,38.8809612832053,230,19692,14.598906642722984,39.002589,-75.463938,37.39333000754036,18.11548162091044,46.400610612432004,83.79394061997236,4.656390256894341
928,2340,38.80505,-75.539978,928_2340,16.940348647818205,-75.3999116649496,38.8809612832053,230,19692,14.598906642722984,39.002589,-75.463938,37.39333000754036,14.794818227632328,37.89513378819999,75.28846379574034,4.10036814535998
930,2340,38.840839,-75.527985,930_2340,16.939992936164472,-75.3999116649496,38.8809612832053,230,19692,14.598906642722984,39.002589,-75.463938,37.39333000754036,11.97536092080514,30.673435609253662,68.06676561679402,3.6282695254587782
932,2340,38.876644,-75.515961,932_2340,16.84657422401033,-75.3999116649496,38.8809612832053,230,19692,14.598906642722984,39.002589,-75.463938,37.39333000754036,10.081462349003543,25.822443954239056,63.21577396177941,3.311149312354167
934,2340,38.912449,-75.503906,934_2340,16.122685478480264,-75.3999116649496,38.8809612832053,230,19692,14.598906642722984,39.002589,-75.463938,37.39333000754036,9.675263010983137,24.782013580433446,62.1753435879738,3.243134043451225
936,2340,38.94825,-75.49188199999999,936_2340,16.950308140465594,-75.3999116649496,38.8809612832053,230,19692,14.598906642722984,39.002589,-75.463938,37.39333000754036,10.92827289515881,27.99144653649978,65.38477654404014,3.452941879735712
938,2340,38.984058000000005,-75.47979699999999,938_2340,14.876824041431265,-75.3999116649496,38.8809612832053,230,19692,14.598906642722984,39.002589,-75.463938,37.39333000754036,13.378056026565948,34.266269118865885,71.65959912640625,3.8631411165157994
940,2340,39.019859000000004,-75.467743,940_2340,13.717789245634913,-75.4693333308675,39.2022051156863,230,21971,4.051151358434599,39.172543,-75.496644,10.376533213324615,20.244095589357713,51.85279730892579,62.2293305222504,3.8401329182105024
942,2340,39.055659999999996,-75.455627,942_2340,13.423274032692804,-75.4693333308675,39.2022051156863,230,21971,4.051151358434599,39.172543,-75.496644,10.376533213324615,16.312248715099958,41.78184807235932,52.15838128568393,3.1817723611965025
944,2340,39.091473,-75.44354200000001,944_2340,10.114910378624518,-75.4693333308675,39.2022051156863,230,21971,4.051151358434599,39.172543,-75.496644,10.376533213324615,12.49383896924721,32.00145429185301,42.37798750517762,2.54240606653075
946,2340,39.127277,-75.431427,946_2340,12.475946010842154,-75.4693333308675,39.2022051156863,230,21971,4.051151358434599,39.172543,-75.496644,10.376533213324615,8.940280955102088,22.89944612262454,33.27597933594915,1.9473873619898217
948,2340,39.163090000000004,-75.41928100000001,948_2340,3.2782849870449846,-75.4693333308675,39.2022051156863,230,21971,4.051151358434599,39.172543,-75.496644,10.376533213324615,6.128651347395599,15.69779764627467,26.074330859599286,1.4765994361512453
950,2340,39.198898,-75.407135,950_2340,0.6398481269772122,-75.4693333308675,39.2022051156863,230,21971,4.051151358434599,39.172543,-75.496644,10.376533213324615,5.38530451958689,13.793804838966409,24.170338052291022,1.3521311526036774
952,2340,39.234703,-75.394989,952_2340,2.4618556777587925,-75.4693333308675,39.2022051156863,230,21971,4.051151358434599,39.172543,-75.496644,10.376533213324615,7.364619674427658,18.863580719119703,29.240113932444316,1.6835537815923045
954,2340,39.270519,-75.382812,954_2340,0.14920596675722353,-75.4693333308675,39.2022051156863,230,21971,4.051151358434599,39.172543,-75.496644,10.376533213324615,10.645259168084916,27.26654117528814,37.64307438861275,2.2328741680364104
908,2342,38.43782,-75.613617,908_2342,0.5799710770227863,-75.2435171191613,38.5856124707434,230,20081,26.011850762461258,38.554598999999996,-75.53936999999999,66.62620314463372,36.2094284333144,92.74606242284966,159.3722655674834,8.954965511075281
910,2342,38.473606,-75.601715,910_2342,15.667932475177462,-75.2435171191613,38.5856124707434,230,20081,26.011850762461258,38.554598999999996,-75.53936999999999,66.62620314463372,33.61753322153337,86.10723697030096,152.7334401149347,8.520970589624477
912,2342,38.50938,-75.589813,912_2342,15.328491328082487,-75.2435171191613,38.5856124707434,230,20081,26.011850762461258,38.554598999999996,-75.53936999999999,66.62620314463372,31.352113952330882,80.3046400764469,146.93084322108064,8.141641806068034
914,2342,38.545165999999995,-75.577881,914_2342,12.741525031018991,-75.2435171191613,38.5856124707434,230,20081,26.011850762461258,38.554598999999996,-75.53936999999999,66.62620314463372,29.484933347477483,75.52208325560686,142.14828640024058,7.828995331683377
916,2342,38.580952,-75.56594799999999,916_2342,13.007921748896315,-75.2435171191613,38.5856124707434,230,20081,26.011850762461258,38.554598999999996,-75.53936999999999,66.62620314463372,28.098870042199778,71.97185008719171,138.59805323182542,7.59690862055184
918,2342,38.616737,-75.554016,918_2342,15.234672661311528,-75.3999116649496,38.8809612832053,230,19692,14.598906642722984,39.002589,-75.463938,37.39333000754036,32.24619266302223,82.59471433336138,119.98804434090174,7.022480059016866
920,2342,38.652531,-75.54205300000001,920_2342,11.686935076268284,-75.3999116649496,38.8809612832053,230,19692,14.598906642722984,39.002589,-75.463938,37.39333000754036,28.207290809513385,72.24955674228902,109.64288674982937,6.346193886376197
922,2342,38.688309000000004,-75.53005999999999,922_2342,16.194715821815954,-75.3999116649496,38.8809612832053,230,19692,14.598906642722984,39.002589,-75.463938,37.39333000754036,24.19226172752028,61.96554636212284,99.3588763696632,5.673905044164508
924,2342,38.724102,-75.518066,924_2342,16.935641430884775,-75.3999116649496,38.8809612832053,230,19692,14.598906642722984,39.002589,-75.463938,37.39333000754036,20.21294047084111,51.77299724878252,89.16632725632287,5.007595230260701
926,2342,38.759888000000004,-75.506073,926_2342,16.936286667709325,-75.3999116649496,38.8809612832053,230,19692,14.598906642722984,39.002589,-75.463938,37.39333000754036,16.298774079792583,41.74733442711787,79.14066443465822,4.352195147839471
928,2342,38.795685,-75.494049,928_2342,16.94146082147838,-75.3999116649496,38.8809612832053,230,19692,14.598906642722984,39.002589,-75.463938,37.39333000754036,12.506867849898915,32.03482619056851,69.42815619810887,3.7172666835592025
930,2342,38.831474,-75.482025,930_2342,16.942106972178607,-75.3999116649496,38.8809612832053,230,19692,14.598906642722984,39.002589,-75.463938,37.39333000754036,8.999055482358688,23.04998995083915,60.443319958379504,3.129907771055687
932,2342,38.867278999999996,-75.469971,932_2342,16.376335290954252,-75.3999116649496,38.8809612832053,230,19692,14.598906642722984,39.002589,-75.463938,37.39333000754036,6.266591978482794,16.05111585468057,53.44444586222093,2.672375661600951
934,2342,38.903071999999995,-75.457916,934_2342,10.863603303216262,-75.3999116649496,38.8809612832053,230,19692,14.598906642722984,39.002589,-75.463938,37.39333000754036,5.599052824915699,14.341295217206259,51.734625224746615,2.5606008486375007
936,2342,38.938866,-75.44583100000001,936_2342,10.032832775891944,-75.3999116649496,38.8809612832053,230,19692,14.598906642722984,39.002589,-75.463938,37.39333000754036,7.562092069161297,19.369382324977288,56.762712332517644,2.889298189000189
938,2342,38.974667,-75.433746,938_2342,15.733667092766119,-75.3999116649496,38.8809612832053,230,19692,14.598906642722984,39.002589,-75.463938,37.39333000754036,10.8084759236019,27.68460111300607,65.07793112054642,3.4328827056516027
940,2342,39.010456,-75.421661,940_2342,11.690303561471744,-75.3999116649496,38.8809612832053,230,19692,14.598906642722984,39.002589,-75.463938,37.39333000754036,14.498906773767605,37.1371924629919,74.53052247053225,4.05081981964346
942,2342,39.046257000000004,-75.40954599999999,942_2342,8.826940122445741,-75.4693333308675,39.2022051156863,230,21971,4.051151358434599,39.172543,-75.496644,10.376533213324615,18.068498552796896,46.28026917771147,56.65680239103608,3.475844246083977
944,2342,39.082058,-75.3974,944_2342,3.564663921439576,-75.4693333308675,39.2022051156863,230,21971,4.051151358434599,39.172543,-75.496644,10.376533213324615,14.716994599907922,37.695797997849326,48.07233121117394,2.9146580962100335
946,2342,39.117859,-75.385254,946_2342,0.1237778432921757,-75.4693333308675,39.2022051156863,230,21971,4.051151358434599,39.172543,-75.496644,10.376533213324615,11.853025574718256,30.360088447047254,40.73662166037187,2.4351062970188058
910,2344,38.464268,-75.55603,910_2344,9.45427513342532,-75.2435171191613,38.5856124707434,230,20081,26.011850762461258,38.554598999999996,-75.53936999999999,66.62620314463372,30.39916392555667,77.86377407846994,144.48997722310366,7.982076916971987
912,2344,38.500046000000005,-75.54409799999999,912_2344,16.652375706453682,-75.2435171191613,38.5856124707434,230,20081,26.011850762461258,38.554598999999996,-75.53936999999999,66.62620314463372,27.87328569860558,71.39404313143883,138.02024627607256,7.559136082899201
914,2344,38.53582,-75.532166,914_2344,15.891553018362439,-75.2435171191613,38.5856124707434,230,20081,26.011850762461258,38.554598999999996,-75.53936999999999,66.62620314463372,25.758497198777338,65.97726869719402,132.60347184182774,7.205029379550902
916,2344,38.571609,-75.52020300000001,916_2344,16.92490163044602,-75.2435171191613,38.5856124707434,230,20081,26.011850762461258,38.554598999999996,-75.53936999999999,66.62620314463372,24.159871224890395,61.88258201529944,128.50878515993315,6.9373505201538315
918,2344,38.607384,-75.508209,918_2344,16.92876180194032,-75.2435171191613,38.5856124707434,230,20081,26.011850762461258,38.554598999999996,-75.53936999999999,66.62620314463372,23.18526483676457,59.386245872427274,126.01244901706099,6.774159423176778
920,2344,38.643169,-75.496216,920_2344,16.87787634205217,-75.3999116649496,38.8809612832053,230,19692,14.598906642722984,39.002589,-75.463938,37.39333000754036,27.69283624094671,70.93184371575292,108.32517372329328,6.260052028071023
922,2344,38.678951,-75.484222,922_2344,16.474427308385597,-75.3999116649496,38.8809612832053,230,19692,14.598906642722984,39.002589,-75.463938,37.39333000754036,23.591749325289204,60.4274066246898,97.82073663223017,5.57335339699455
924,2344,38.714733,-75.47219799999999,924_2344,16.928718100123586,-75.3999116649496,38.8809612832053,230,19692,14.598906642722984,39.002589,-75.463938,37.39333000754036,19.49250130013174,49.92767962877276,87.32100963631311,4.886962675410135
926,2344,38.750507,-75.460175,926_2344,16.93424986701366,-75.3999116649496,38.8809612832053,230,19692,14.598906642722984,39.002589,-75.463938,37.39333000754036,15.398756698046762,39.44204898405221,76.83537899159256,4.201493463944338
928,2344,38.786297,-75.44811999999999,928_2344,16.941066234406723,-75.3999116649496,38.8809612832053,230,19692,14.598906642722984,39.002589,-75.463938,37.39333000754036,11.31187628589597,28.97400012992221,66.36733013746257,3.5171736135938243
930,2344,38.822094,-75.43609599999999,930_2344,16.943021269519836,-75.3999116649496,38.8809612832053,230,19692,14.598906642722984,39.002589,-75.463938,37.39333000754036,7.250699671449342,18.571788438363424,55.965118445903784,2.8371576863397774
932,2344,38.857872,-75.424011,932_2344,15.870634813436437,-75.3999116649496,38.8809612832053,230,19692,14.598906642722984,39.002589,-75.463938,37.39333000754036,3.308216506499413,8.473595632285745,45.8669256398261,2.177016156035462
934,2344,38.893669,-75.411926,934_2344,7.252877405194327,-75.3999116649496,38.8809612832053,230,19692,14.598906642722984,39.002589,-75.463938,37.39333000754036,1.7540698487368072,4.492837327841005,41.88616733538136,1.9167850503978117
936,2344,38.929455,-75.39984100000001,936_2344,10.58824678074899,-75.3999116649496,38.8809612832053,230,19692,14.598906642722984,39.002589,-75.463938,37.39333000754036,5.3834691068789216,13.789103651763236,51.18243365930359,2.524502846546146
938,2344,38.965247999999995,-75.387695,938_2344,13.46131803637214,-75.3999116649496,38.8809612832053,230,19692,14.598906642722984,39.002589,-75.463938,37.39333000754036,9.416791799452069,24.119970898281785,61.51330090582214,3.1998548272869884
940,2344,39.001041,-75.37558,940_2344,16.333393012719363,-75.3999116649496,38.8809612832053,230,19692,14.598906642722984,39.002589,-75.463938,37.39333000754036,13.496451547755118,34.56952489709556,71.96285490463592,3.8829656274316218
942,2344,39.036834999999996,-75.36346400000001,942_2344,6.109281650574639,-75.4693333308675,39.2022051156863,230,21971,4.051151358434599,39.172543,-75.496644,10.376533213324615,20.51533590469391,52.54754650288488,62.92407971620949,3.885550232465169
910,2346,38.454929,-75.510345,910_2346,8.691363230926402,-75.2435171191613,38.5856124707434,230,20081,26.011850762461258,38.554598999999996,-75.53936999999999,66.62620314463372,27.42112025597075,70.23587615166177,136.8620792962955,7.483424107790366
912,2346,38.4907,-75.49838299999999,912_2346,16.915492225457562,-75.2435171191613,38.5856124707434,230,20081,26.011850762461258,38.554598999999996,-75.53936999999999,66.62620314463372,24.592159696452207,62.989836542721434,129.61603968735517,7.00973423397328
914,2346,38.526463,-75.48642,914_2346,16.473254182573633,-75.2435171191613,38.5856124707434,230,20081,26.011850762461258,38.554598999999996,-75.53936999999999,66.62620314463372,22.16740264021277,56.779115218787986,123.40531836342171,6.603725440339682
916,2346,38.562241,-75.474426,916_2346,16.92552310680022,-75.2435171191613,38.5856124707434,230,20081,26.011850762461258,38.554598999999996,-75.53936999999999,66.62620314463372,20.288771961821098,51.96723042230527,118.59343356693898,6.289161730357204
918,2346,38.598007,-75.46243299999999,918_2346,16.924913619114974,-75.2435171191613,38.5856124707434,230,20081,26.011850762461258,38.554598999999996,-75.53936999999999,66.62620314463372,19.121932420683457,48.97851235626053,115.60471550089426,6.093782521853729
920,2346,38.633784999999996,-75.450409,920_2346,16.92718833450718,-75.2435171191613,38.5856124707434,230,20081,26.011850762461258,38.554598999999996,-75.53936999999999,66.62620314463372,18.797042629013607,48.14634653088021,114.77254967551393,6.0393819739554075
922,2346,38.669563000000004,-75.438385,922_2346,16.929042662372314,-75.2645196047399,38.7338177049266,230,46310,24.928915975325044,38.665776,-75.537617,63.85239693687809,16.721984660728133,42.83133703792257,106.68373397480066,5.571529279241177
924,2346,38.705341,-75.426361,924_2346,16.096182048472812,-75.3999116649496,38.8809612832053,230,19692,14.598906642722984,39.002589,-75.463938,37.39333000754036,19.63082843768979,50.28198782665996,87.67531783420031,4.910124597592078
926,2346,38.741112,-75.414307,926_2346,16.855919849436006,-75.3999116649496,38.8809612832053,230,19692,14.598906642722984,39.002589,-75.463938,37.39333000754036,15.575198677804,39.89398373079126,77.28731373833162,4.231037452758897
928,2346,38.776901,-75.402222,928_2346,16.937174400793193,-75.3999116649496,38.8809612832053,230,19692,14.598906642722984,39.002589,-75.463938,37.39333000754036,11.553704825189294,29.593414624194917,66.98674463173528,3.557666129432476
930,2346,38.812678999999996,-75.390137,930_2346,16.942581116521396,-75.3999116649496,38.8809612832053,230,19692,14.598906642722984,39.002589,-75.463938,37.39333000754036,7.62753969049975,19.537018474917133,56.93034848245749,2.900256940400639
932,2346,38.848465000000004,-75.378052,932_2346,10.23541835968803,-75.3999116649496,38.8809612832053,230,19692,14.598906642722984,39.002589,-75.463938,37.39333000754036,4.075974292293283,10.440114149914534,47.83344415745489,2.305571885612929
934,2346,38.884251,-75.365967,934_2346,8.603377142638726,-75.3999116649496,38.8809612832053,230,19692,14.598906642722984,39.002589,-75.463938,37.39333000754036,2.9679118685944452,7.60194654652219,44.99527655406255,2.120034498781107
936,2346,38.920025,-75.353821,936_2346,14.113488666350564,-75.3999116649496,38.8809612832053,230,19692,14.598906642722984,39.002589,-75.463938,37.39333000754036,5.898488557050562,15.108263554067953,52.50159356160831,2.610739290367996
938,2346,38.955822,-75.341675,938_2346,5.932926050104058,-75.3999116649496,38.8809612832053,230,19692,14.598906642722984,39.002589,-75.463938,37.39333000754036,9.724944836619095,24.909267555463725,62.302597563004085,3.2514529214353365
940,2346,38.991596,-75.32952900000001,940_2346,7.476131167857226,-75.3999116649496,38.8809612832053,230,19692,14.598906642722984,39.002589,-75.463938,37.39333000754036,13.714529266953678,35.12810454424662,72.52143455178697,3.919481232763025
942,2346,39.027390000000004,-75.31738299999999,942_2346,1.5361075697186628,-75.4693333308675,39.2022051156863,230,21971,4.051151358434599,39.172543,-75.496644,10.376533213324615,23.438328727126095,60.03443835675947,70.41097157008409,4.374985158154551
910,2348,38.445553000000004,-75.46466099999999,910_2348,4.81454518074028,-75.2435171191613,38.5856124707434,230,20081,26.011850762461258,38.554598999999996,-75.53936999999999,66.62620314463372,24.77307736890396,63.45323523385264,130.07943837848637,7.040027646564912
912,2348,38.481319,-75.452698,912_2348,16.915635543097824,-75.2435171191613,38.5856124707434,230,20081,26.011850762461258,38.554598999999996,-75.53936999999999,66.62620314463372,21.60307917474758,55.33366905685522,121.95987220148893,6.509233380261714
914,2348,38.517086,-75.440704,914_2348,16.92136930981288,-75.2435171191613,38.5856124707434,230,20081,26.011850762461258,38.554598999999996,-75.53936999999999,66.62620314463372,18.796928289459313,48.14605366396961,114.77225680860333,6.039362828588088
916,2348,38.552853000000006,-75.42868,916_2348,16.922106268444697,-75.2435171191613,38.5856124707434,230,20081,26.011850762461258,38.554598999999996,-75.53936999999999,66.62620314463372,16.541479450940578,42.368994819916075,108.99519796454979,5.661703524670234
918,2348,38.588627,-75.416656,918_2348,16.92205775191364,-75.2435171191613,38.5856124707434,230,20081,26.011850762461258,38.554598999999996,-75.53936999999999,66.62620314463372,15.088882761098317,38.64834445064972,105.27454759528344,5.418476258597778
920,2348,38.624386,-75.40463299999999,920_2348,16.92225443989697,-75.2435171191613,38.5856124707434,230,20081,26.011850762461258,38.554598999999996,-75.53936999999999,66.62620314463372,14.679351982767457,37.59938099625267,104.22558414088638,5.349903163063081
922,2348,38.66016,-75.392578,922_2348,15.867342590098255,-75.2645196047399,38.7338177049266,230,46310,24.928915975325044,38.665776,-75.537617,63.85239693687809,13.819085941345008,35.39591379364372,99.24831073052181,5.085458972088363
924,2348,38.695927000000005,-75.380493,924_2348,8.755639104127491,-75.2645196047399,38.7338177049266,230,46310,24.928915975325044,38.665776,-75.537617,63.85239693687809,10.928452690151694,27.991907059583262,91.84430399646135,4.601442432726544
926,2348,38.731693,-75.368439,926_2348,16.00729057741076,-75.2645196047399,38.7338177049266,230,46310,24.928915975325044,38.665776,-75.537617,63.85239693687809,9.039006456662891,23.15231952954253,87.00471646642062,4.285067732869363
928,2348,38.767471,-75.35635400000001,928_2348,16.935996116140885,-75.3999116649496,38.8809612832053,230,19692,14.598906642722984,39.002589,-75.463938,37.39333000754036,13.154370930570048,33.6933268556511,71.08665686319145,3.825686594733745
930,2348,38.803257,-75.344238,930_2348,16.901939431462946,-75.3999116649496,38.8809612832053,230,19692,14.598906642722984,39.002589,-75.463938,37.39333000754036,9.888031733120751,25.326994875052538,62.72032488259289,3.278760693954525
932,2348,38.839027,-75.332123,932_2348,16.34330211747706,-75.3999116649496,38.8809612832053,230,19692,14.598906642722984,39.002589,-75.463938,37.39333000754036,7.502725579450848,19.21732225668179,56.610652264222146,2.8793576810191617
934,2348,38.874809,-75.31997700000001,934_2348,16.748901302734758,-75.3999116649496,38.8809612832053,230,19692,14.598906642722984,39.002589,-75.463938,37.39333000754036,6.969882801942419,17.852510061554913,55.245840069095266,2.7901368443436336
936,2348,38.910576,-75.30783100000001,936_2348,5.87181633282246,-75.3999116649496,38.8809612832053,230,19692,14.598906642722984,39.002589,-75.463938,37.39333000754036,8.638377497078896,22.12615700498325,59.519487012523605,3.0695147377343375
938,2348,38.946362,-75.29568499999999,938_2348,2.294635595962499,-75.3999116649496,38.8809612832053,230,19692,14.598906642722984,39.002589,-75.463938,37.39333000754036,11.594399955356543,29.697650267951314,67.09098027549167,3.5644802474338864
940,2348,38.982147,-75.283508,940_2348,0.4738179514801738,-75.3999116649496,38.8809612832053,230,19692,14.598906642722984,39.002589,-75.463938,37.39333000754036,15.101549023463695,38.68078754657339,76.07411755411374,4.151728095036303
910,2350,38.436165,-75.41900600000001,910_2350,1.3022026267348734,-75.2435171191613,38.5856124707434,230,20081,26.011850762461258,38.554598999999996,-75.53936999999999,66.62620314463372,22.5718855150851,57.81514908027164,124.44135222490536,6.6714532993636535
912,2350,38.471920000000004,-75.407013,912_2350,16.448797667730258,-75.2435171191613,38.5856124707434,230,20081,26.011850762461258,38.554598999999996,-75.53936999999999,66.62620314463372,19.04016456716283,48.76907390956499,115.39527705419871,6.080091060484232
914,2350,38.507687,-75.394989,914_2350,16.920975470268367,-75.2435171191613,38.5856124707434,230,20081,26.011850762461258,38.554598999999996,-75.53936999999999,66.62620314463372,15.785855283967058,40.43355509632569,107.05975824095941,5.535179485619034
916,2350,38.543449,-75.382965,916_2350,16.91941452682617,-75.2435171191613,38.5856124707434,230,20081,26.011850762461258,38.554598999999996,-75.53936999999999,66.62620314463372,13.023657548839612,33.35852037054462,99.98472351517833,5.072668584854464
918,2350,38.579212,-75.37091099999999,918_2350,15.239428071880797,-75.2435171191613,38.5856124707434,230,20081,26.011850762461258,38.554598999999996,-75.53936999999999,66.62620314463372,11.122961336535644,28.49011738324339,95.11632052787711,4.754410153876511
920,2350,38.614967,-75.358856,920_2350,16.8944286992179,-75.2435171191613,38.5856124707434,230,20081,26.011850762461258,38.554598999999996,-75.53936999999999,66.62620314463372,10.562568537598056,27.05473914723229,93.68094229186602,4.660576256714675
922,2350,38.650729999999996,-75.34677099999999,922_2350,15.537213011962766,-75.2645196047399,38.7338177049266,230,46310,24.928915975325044,38.665776,-75.537617,63.85239693687809,11.673923669490756,29.90134062359368,93.75373756047176,4.726266390752144
924,2350,38.686496999999996,-75.334686,924_2350,16.928659253307718,-75.2645196047399,38.7338177049266,230,46310,24.928915975325044,38.665776,-75.537617,63.85239693687809,8.052398931089202,20.625243927611113,84.4776408644892,4.119867128455307
926,2350,38.722266999999995,-75.322571,926_2350,16.935844461442123,-75.2645196047399,38.7338177049266,230,46310,24.928915975325044,38.665776,-75.537617,63.85239693687809,5.208284973992006,13.340390727334027,77.19278766421212,3.6436399230509053
928,2350,38.758034,-75.310486,928_2350,15.238633925168926,-75.2645196047399,38.7338177049266,230,46310,24.928915975325044,38.665776,-75.537617,63.85239693687809,4.816184148631872,12.336071984996643,76.18846892187473,3.577985352553808
930,2350,38.793797,-75.29834,930_2350,15.405310242402868,-75.3999116649496,38.8809612832053,230,19692,14.598906642722984,39.002589,-75.463938,37.39333000754036,13.092130960234954,33.53390671499558,70.92723672253594,3.8152649423020026
932,2350,38.829575,-75.286194,932_2350,14.610440604982712,-75.3999116649496,38.8809612832053,230,19692,14.598906642722984,39.002589,-75.463938,37.39333000754036,11.400793053274198,29.20174965303017,66.59507966057052,3.532062111129748
934,2350,38.865341,-75.274048,934_2350,9.344391142958516,-75.3999116649496,38.8809612832053,230,19692,14.598906642722984,39.002589,-75.463938,37.39333000754036,11.059348775824711,28.327181518695323,65.72051152623568,3.4748896291181426
936,2350,38.901115000000004,-75.261871,936_2350,2.8833812132202614,-75.3999116649496,38.8809612832053,230,19692,14.598906642722984,39.002589,-75.463938,37.39333000754036,12.183473873814085,31.20649171551942,68.59982172305978,3.6631165996319455
912,2352,38.462509000000004,-75.361328,912_2352,13.006344977874534,-75.2435171191613,38.5856124707434,230,20081,26.011850762461258,38.554598999999996,-75.53936999999999,66.62620314463372,17.096357179976792,43.790246872790064,110.41645001742378,5.754613961532531
914,2352,38.498253000000005,-75.349304,914_2352,13.634306084024342,-75.2435171191613,38.5856124707434,230,20081,26.011850762461258,38.554598999999996,-75.53936999999999,66.62620314463372,13.382825813137558,34.27848634908063,100.90468949371436,5.132808825842252
916,2352,38.534015999999994,-75.33725,916_2352,16.04793214274049,-75.2435171191613,38.5856124707434,230,20081,26.011850762461258,38.554598999999996,-75.53936999999999,66.62620314463372,9.977520687926564,25.556209986908303,92.18241313154202,4.562614041880895
918,2352,38.569775,-75.325165,918_2352,13.691757251986212,-75.2435171191613,38.5856124707434,230,20081,26.011850762461258,38.554598999999996,-75.53936999999999,66.62620314463372,7.3287088992523195,18.771599620820993,85.39780276545471,4.1190888334008395
920,2352,38.605526,-75.31308,920_2352,14.157801930662195,-75.2435171191613,38.5856124707434,230,20081,26.011850762461258,38.554598999999996,-75.53936999999999,66.62620314463372,6.450721351271047,16.52274092697217,83.14894407160588,3.9720758927584283
922,2352,38.641289,-75.300995,922_2352,16.926377211327175,-75.2435171191613,38.5856124707434,230,20081,26.011850762461258,38.554598999999996,-75.53936999999999,66.62620314463372,7.9536147144945355,20.372220129250024,86.99842327388374,4.22372498881618
924,2352,38.677048,-75.28887900000001,924_2352,16.930732044380594,-75.2645196047399,38.7338177049266,230,46310,24.928915975325044,38.665776,-75.537617,63.85239693687809,6.648673356811594,17.029770997783796,80.88216793466188,3.8848229925743376
926,2352,38.712803,-75.276733,926_2352,15.73024679935165,-75.2645196047399,38.7338177049266,230,46310,24.928915975325044,38.665776,-75.537617,63.85239693687809,2.563250493397683,6.565455478091377,70.41785241496946,3.200747198675913
928,2352,38.748569,-75.264587,928_2352,14.431115580330571,-75.2645196047399,38.7338177049266,230,46310,24.928915975325044,38.665776,-75.537617,63.85239693687809,1.6375598265802918,4.194411026864824,68.0468079637429,3.0457467008135417
930,2352,38.784332,-75.252441,930_2352,16.647421428984188,-75.2645196047399,38.7338177049266,230,46310,24.928915975325044,38.665776,-75.537617,63.85239693687809,5.705068512546801,14.612841552187597,78.46523848906568,3.7268228896358035
932,2352,38.820099,-75.24029499999999,932_2352,7.080550095816259,-75.3999116649496,38.8809612832053,230,19692,14.598906642722984,39.002589,-75.463938,37.39333000754036,15.415589456477461,39.48516405467635,76.8784940622167,4.204311992887841
934,2352,38.855858000000005,-75.228088,934_2352,1.9649810704366095,-75.3999116649496,38.8809612832053,230,19692,14.598906642722984,39.002589,-75.463938,37.39333000754036,15.170160712444122,38.85652807229959,76.24985807983995,4.1632166476731225
912,2354,38.453075,-75.315674,912_2354,3.625542067188861,-75.2435171191613,38.5856124707434,230,20081,26.011850762461258,38.554598999999996,-75.53936999999999,66.62620314463372,16.001761566144758,40.986572870721574,107.6127760153553,5.57133149884416
914,2354,38.488823,-75.303619,914_2354,2.382187881399322,-75.2435171191613,38.5856124707434,230,20081,26.011850762461258,38.554598999999996,-75.53936999999999,66.62620314463372,11.954023413725924,30.61878217093271,97.24498531556642,4.893565749084041
916,2354,38.524567,-75.291534,916_2354,15.189653260034465,-75.2435171191613,38.5856124707434,230,20081,26.011850762461258,38.554598999999996,-75.53936999999999,66.62620314463372,7.9648367743896396,20.400964075580497,87.02716722021421,4.225604045106941
918,2354,38.560322,-75.279449,918_2354,10.249418012372704,-75.2435171191613,38.5856124707434,230,20081,26.011850762461258,38.554598999999996,-75.53936999999999,66.62620314463372,4.205534467455662,10.77196683616323,77.39816998079695,3.596134882159366
920,2354,38.596069,-75.26733399999999,920_2354,10.192051362317605,-75.2435171191613,38.5856124707434,230,20081,26.011850762461258,38.554598999999996,-75.53936999999999,66.62620314463372,2.377599419629109,6.089932753165747,72.71613589779946,3.290059804782482
922,2354,38.631828000000006,-75.255219,922_2354,16.930413827654572,-75.2435171191613,38.5856124707434,230,20081,26.011850762461258,38.554598999999996,-75.53936999999999,66.62620314463372,5.2305636770712365,13.397454925137973,80.0236580697717,3.7677689317497443
924,2354,38.667576000000004,-75.243073,924_2354,16.928373450509596,-75.2645196047399,38.7338177049266,230,46310,24.928915975325044,38.665776,-75.537617,63.85239693687809,7.586451605071676,19.43177632388551,83.2841732607636,4.041847472322591
926,2354,38.703327,-75.23092700000001,926_2354,16.92447133607111,-75.2645196047399,38.7338177049266,230,46310,24.928915975325044,38.665776,-75.537617,63.85239693687809,4.471226788647451,11.45250551552702,75.3049024524051,3.5202246291766306
928,2354,38.739090000000004,-75.21875,928_2354,11.176291698859789,-75.2645196047399,38.7338177049266,230,46310,24.928915975325044,38.665776,-75.537617,63.85239693687809,4.022331648949707,10.30271502036924,74.15511195724733,3.4450602436693556
930,2354,38.774845,-75.20657299999999,930_2354,12.032512395608638,-75.2645196047399,38.7338177049266,230,46310,24.928915975325044,38.665776,-75.537617,63.85239693687809,6.790785583575876,17.39377424292764,81.24617117980573,3.908618701757111
932,2354,38.810604,-75.194397,932_2354,1.9006687855449835,-75.2645196047399,38.7338177049266,230,46310,24.928915975325044,38.665776,-75.537617,63.85239693687809,10.478379385900645,26.83909883871334,90.69149577559142,4.526080771715829
912,2356,38.443615,-75.27005,912_2356,2.586762808633873,-75.2406035521149,38.5837659258057,230,20081,26.237798310671394,38.554598999999996,-75.53936999999999,67.20494040499065,15.768175684266772,40.38827094442494,107.59321134941558,5.557339570133122
914,2356,38.479359,-75.257965,914_2356,11.658713813083976,-75.2406035521149,38.5837659258057,230,20081,26.237798310671394,38.554598999999996,-75.53936999999999,67.20494040499065,11.688300697626932,29.93816563869792,97.14310604368858,4.874192729818097
916,2356,38.515102,-75.24585,916_2356,12.84966628510834,-75.2406035521149,38.5837659258057,230,20081,26.237798310671394,38.554598999999996,-75.53936999999999,67.20494040499065,7.635878175691792,19.558376494129103,86.76331689911976,4.195642614790805
918,2356,38.550846,-75.233734,918_2356,13.038402875655851,-75.2406035521149,38.5837659258057,230,20081,26.237798310671394,38.554598999999996,-75.53936999999999,67.20494040499065,3.7030671613697637,9.484957729639806,76.68989813463045,3.537120619193347
920,2356,38.586586,-75.22161899999999,920_2356,14.472573635602934,-75.2406035521149,38.5837659258057,230,20081,26.237798310671394,38.554598999999996,-75.53936999999999,67.20494040499065,1.683485266038726,4.312043473967742,71.5169838789584,3.1989556030909503
922,2356,38.622337,-75.20944200000001,922_2356,11.472644876262136,-75.2435171191613,38.5856124707434,230,20081,26.011850762461258,38.554598999999996,-75.53936999999999,66.62620314463372,5.042791211369192,12.916498511883146,79.54270165651687,3.736327731452536
924,2356,38.658081,-75.197296,924_2356,10.803791375037608,-75.2435171191613,38.5856124707434,230,20081,26.011850762461258,38.554598999999996,-75.53936999999999,66.62620314463372,8.995436483979015,23.04072032510486,89.66692346973858,4.398170836378998
926,2356,38.693832,-75.18512,926_2356,14.352174009902821,-75.2645196047399,38.7338177049266,230,46310,24.928915975325044,38.665776,-75.537617,63.85239693687809,8.209267128446312,21.02704280303486,84.87943973991295,4.146133622826175
928,2356,38.72958,-75.172913,928_2356,11.186715921690743,-75.2645196047399,38.7338177049266,230,46310,24.928915975325044,38.665776,-75.537617,63.85239693687809,7.979312038456069,20.438040710114088,84.29043764699217,4.10762923392808
930,2356,38.765331,-75.160706,930_2356,8.365239416282067,-75.2645196047399,38.7338177049266,230,46310,24.928915975325044,38.665776,-75.537617,63.85239693687809,9.678937304568482,24.791424838135395,88.64382177501348,4.392219726055033
932,2356,38.801083,-75.148499,932_2356,1.9273237874600104,-75.2645196047399,38.7338177049266,230,46310,24.928915975325044,38.665776,-75.537617,63.85239693687809,12.547154947668933,32.138016708792094,95.99041364567017,4.872482926921793
912,2358,38.434143,-75.224426,912_2358,1.4436032991401544,-75.2406035521149,38.5837659258057,230,20081,26.237798310671394,38.554598999999996,-75.53936999999999,67.20494040499065,16.66889200013272,42.69534662252991,109.90028702752056,5.708158285711166
914,2358,38.469875,-75.212311,914_2358,15.331228444849446,-75.2406035521149,38.5837659258057,230,20081,26.237798310671394,38.554598999999996,-75.53936999999999,67.20494040499065,12.88110114694273,32.99337942463173,100.19831982962239,5.073918912788115
916,2358,38.505611,-75.200195,916_2358,16.35743838054625,-75.2406035521149,38.5837659258057,230,20081,26.237798310671394,38.554598999999996,-75.53936999999999,67.20494040499065,9.363662740365415,23.983887252565232,91.18882765755589,4.484948186644607
918,2358,38.541351,-75.18804899999999,918_2358,16.924381873687253,-75.2406035521149,38.5837659258057,230,20081,26.237798310671394,38.554598999999996,-75.53936999999999,67.20494040499065,6.568845478901113,16.825301563492552,84.03024196848321,4.016975371869786
920,2358,38.577084,-75.175873,920_2358,5.485106564217436,-75.2406035521149,38.5837659258057,230,20081,26.237798310671394,38.554598999999996,-75.53936999999999,67.20494040499065,5.688903813208967,14.571437633962418,81.77637803895307,3.869635227736052
922,2358,38.612827,-75.163696,922_2358,0.0021595026871136067,-75.2435171191613,38.5856124707434,230,20081,26.011850762461258,38.554598999999996,-75.53936999999999,66.62620314463372,7.581367010625983,19.418752751455376,86.04495589608909,4.161394686161057
926,2358,38.684311,-75.139313,926_2358,6.953791089798048,-75.2645196047399,38.7338177049266,230,46310,24.928915975325044,38.665776,-75.537617,63.85239693687809,12.19858698484453,31.24520211774558,95.09759905462367,4.814117633078647
928,2358,38.720058,-75.12710600000001,928_2358,3.0937882216787385,-75.2645196047399,38.7338177049266,230,46310,24.928915975325044,38.665776,-75.537617,63.85239693687809,12.046495010267504,30.855636958104533,94.70803389498262,4.788650884168495
930,2358,38.755802,-75.114868,930_2358,10.410935005747485,-75.2645196047399,38.7338177049266,230,46310,24.928915975325044,38.665776,-75.537617,63.85239693687809,13.237134256600743,33.905315084531935,97.75771202141001,4.988015188651145
932,2358,38.79155,-75.102631,932_2358,7.097802945807676,-75.2645196047399,38.7338177049266,230,46310,24.928915975325044,38.665776,-75.537617,63.85239693687809,15.461390205480628,39.60247712229033,103.45487405916842,5.360451459003791
914,2360,38.460381,-75.166687,914_2360,13.238433075855324,-75.2406035521149,38.5837659258057,230,20081,26.237798310671394,38.554598999999996,-75.53936999999999,67.20494040499065,15.137538140684834,38.77296930852753,105.97790971351819,5.451743676461672
916,2360,38.496113,-75.15451,916_2360,16.751380085019537,-75.2406035521149,38.5837659258057,230,20081,26.237798310671394,38.554598999999996,-75.53936999999999,67.20494040499065,12.288799172724868,31.476269703467366,98.68121010845802,4.974742044985964
918,2360,38.531841,-75.14233399999999,918_2360,9.671959862427324,-75.2406035521149,38.5837659258057,230,20081,26.237798310671394,38.554598999999996,-75.53936999999999,67.20494040499065,10.324307594335796,26.444462617807773,93.64940302279842,4.645801521318776
920,2360,38.567566,-75.130157,920_2360,2.1287364107580613,-75.2406035521149,38.5837659258057,230,20081,26.237798310671394,38.554598999999996,-75.53936999999999,67.20494040499065,9.791033989417128,25.078546910484977,92.28348731547563,4.556508545574039
924,2360,38.639034,-75.105774,924_2360,0.9885839154895938,-75.2435171191613,38.5856124707434,230,20081,26.011850762461258,38.554598999999996,-75.53936999999999,66.62620314463372,13.382683173005388,34.27812099366977,100.9043241383035,5.132784941738962
926,2360,38.67477,-75.093536,926_2360,5.208754029992184,-75.2645196047399,38.7338177049266,230,46310,24.928915975325044,38.665776,-75.537617,63.85239693687809,16.25351757222533,41.63141536798103,105.48381230485911,5.493087706313021
928,2360,38.710506,-75.081299,928_2360,4.766803344229362,-75.2645196047399,38.7338177049266,230,46310,24.928915975325044,38.665776,-75.537617,63.85239693687809,16.14240604460113,41.34681665646282,105.19921359334091,5.474482849726089
930,2360,38.74625,-75.06903100000001,930_2360,4.946954328808573,-75.2645196047399,38.7338177049266,230,46310,24.928915975325044,38.665776,-75.537617,63.85239693687809,17.05220620673837,43.67715950584801,107.52955644272609,5.626822592516599
932,2360,38.781994,-75.056763,932_2360,0.7099783937747164,-75.2645196047399,38.7338177049266,230,46310,24.928915975325044,38.665776,-75.537617,63.85239693687809,18.833662301497156,48.240143383717,112.09254032059508,5.925115090762169
914,2362,38.450859,-75.121033,914_2362,6.604671469588832,-75.2406035521149,38.5837659258057,230,20081,26.237798310671394,38.554598999999996,-75.53936999999999,67.20494040499065,18.066774951873214,46.27585438284238,113.48079478783303,5.942224114869882
916,2362,38.486576,-75.108887,916_2362,12.741966047391706,-75.2406035521149,38.5837659258057,230,20081,26.237798310671394,38.554598999999996,-75.53936999999999,67.20494040499065,15.757162182437702,40.360061194303796,107.56500159929445,5.5554954354476305
918,2362,38.522308,-75.09668,918_2362,5.8324826562236725,-75.2406035521149,38.5837659258057,230,20081,26.237798310671394,38.554598999999996,-75.53936999999999,67.20494040499065,14.280621764744888,36.578081868079366,103.78302227307002,5.308258957798833
920,2362,38.558025,-75.084473,920_2362,2.3399631023014247,-75.2406035521149,38.5837659258057,230,20081,26.237798310671394,38.554598999999996,-75.53936999999999,67.20494040499065,13.903141123224325,35.611210954710494,102.81615135970114,5.245052435937424
922,2362,38.593758,-75.072266,922_2362,6.4142414056019685,-75.2406035521149,38.5837659258057,230,20081,26.237798310671394,38.554598999999996,-75.53936999999999,67.20494040499065,14.708392723463803,37.67376533386765,104.8787057388583,5.379886245346688
924,2362,38.629486,-75.059998,924_2362,4.3981387950342175,-75.2406035521149,38.5837659258057,230,20081,26.237798310671394,38.554598999999996,-75.53936999999999,67.20494040499065,16.529900148841026,42.33933584097594,109.54427624596659,5.684885061813279
926,2362,38.665215,-75.047791,926_2362,3.857528874756649,-75.2435171191613,38.5856124707434,230,20081,26.011850762461258,38.554598999999996,-75.53936999999999,66.62620314463372,19.19857027410115,49.174810929437974,115.8010140740717,6.106615000197372
928,2362,38.700943,-75.035522,928_2362,0.006057857758046063,-75.2645196047399,38.7338177049266,230,46310,24.928915975325044,38.665776,-75.537617,63.85239693687809,20.247509285156653,51.86154107698179,115.71393801385987,6.1618539866202
914,2364,38.441311,-75.075439,914_2364,2.165706807678157,-75.2406035521149,38.5837659258057,230,20081,26.237798310671394,38.554598999999996,-75.53936999999999,67.20494040499065,21.39098417264078,54.79041341444156,121.99535381943221,6.498839950685909
916,2364,38.477036,-75.063232,916_2364,14.484592399611456,-75.2406035521149,38.5837659258057,230,20081,26.237798310671394,38.554598999999996,-75.53936999999999,67.20494040499065,19.482520373407436,49.902114694636474,117.10705509962713,6.179280891015887
918,2364,38.512745,-75.051025,918_2364,5.432971637974958,-75.2406035521149,38.5837659258057,230,20081,26.237798310671394,38.554598999999996,-75.53936999999999,67.20494040499065,18.310568298478717,46.900301492914586,114.10524189790524,5.98304562409964
920,2364,38.54847,-75.038788,920_2364,3.4656716240230017,-75.2406035521149,38.5837659258057,230,20081,26.237798310671394,38.554598999999996,-75.53936999999999,67.20494040499065,18.019936020811052,46.15588213770984,113.36082254270049,5.934381259913877
922,2364,38.584194000000004,-75.02655,922_2364,0.3103278692887801,-75.2406035521149,38.5837659258057,230,20081,26.237798310671394,38.554598999999996,-75.53936999999999,67.20494040499065,18.650839054565935,47.771863794508384,114.97680419949904,6.040021608078021
914,2366,38.431751,-75.02984599999999,914_2366,0.23225922060418425,-75.2406035521149,38.5837659258057,230,20081,26.237798310671394,38.554598999999996,-75.53936999999999,67.20494040499065,24.953662902267407,63.91578319096373,131.1207235959544,7.095385855933477
