,AK,AL,AR,CA,CO,CT,GA,IA,ID,IL,IN,KS,KY,LA,MA,ME,MI,MN,MO,MT,NC,NE,NH,NM,NY,OH,OK,OR,PA,RI,SC,SD,TN,TX,UT,VA,VT,WA,WI,WV,WY
2006-01-01,1.764991,456.078734,17.834167,137.362378,44.105631,11.478297,11.238675,1.627115,135.703269,11.913254,32.332706,0.962,13.164,53.694,43.557824000000004,153.39039300000002,51.40597900000001,31.648289000000005,4.018758,67.93122500000001,58.493578,10.459885,33.988468,7.9148700000000005,242.07181799999998,0.324289,18.810796000000003,3111.559177,321.073792,0.56777,65.600466,32.778,185.896,0.625,8.773324,35.15394500000001,50.202906,1540.4671669999998,39.413796,148.931397,5.692485
2006-02-01,1.548497,513.555652,19.951875,123.12651100000002,41.814464,10.350031,9.860316000000001,1.4671760000000003,119.05785200000001,10.434743000000001,36.489608,0.516,25.379,82.036,41.520038,135.39491099999998,45.786048000000015,27.393153000000005,1.968555,71.797743,45.563945,9.431725,28.936777000000003,6.944028,218.40672800000004,0.29241300000000003,19.582094,2883.797528,228.63240700000003,0.511961,59.152231000000015,34.455,152.455,0.473,7.697185000000001,31.719184999999992,45.17872700000001,1422.7805990000004,34.861816,116.04759299999999,5.135319000000001
2006-03-01,1.664307,394.066219,32.048627,136.58959600000006,46.575405,9.118523,8.455957,1.2926030000000002,127.96201699999997,11.019556,32.866468,0.828,23.583,78.947,36.607486,129.686879,40.674390999999986,24.436744000000004,0.09296800000000001,72.570132,31.361492,8.309483,23.883170000000003,7.463362,192.21333800000002,0.25762,16.505110000000002,2825.3726619999998,162.01939900000002,0.45104500000000003,52.113951,38.582,102.057,0.557,8.272846000000001,27.099451000000002,38.805496999999995,1558.3615280000001,30.141300999999995,95.677132,4.517529000000001
2006-04-01,2.00924,333.942994,32.426677,153.89798499999998,45.65136600000001,9.925214,8.881254,1.406956,154.48257199999995,12.387159000000002,31.593216,0.864,20.712,81.966,47.503,130.96098500000002,43.97929,25.057296000000004,0.212972,94.482111,35.224363,9.044599,30.737697,9.010169,209.55083600000006,0.280411,20.517896999999998,3214.093772,178.02488299999996,0.490947,56.724326,39.169,118.602,0.736,9.987420999999998,30.788714000000002,43.83494399999999,2157.4231250000003,32.008347,126.578187,5.229898
2006-05-01,2.168238,290.16643,116.3385,155.81007599999998,43.313794,11.734905000000003,10.237154,1.66349,166.707299,13.856948000000001,49.084022,0.887,26.722,100.98,44.482116999999995,148.59685000000005,51.15018400000002,28.32173,4.635714,92.266656,39.461299,10.693726,31.314063,9.723173999999998,247.7410249999999,0.33153900000000003,80.02809899999998,3242.481874000001,173.201288,0.5804630000000001,67.067027,52.943,88.381,0.301,10.777759,34.256666,50.122947,2341.696168,37.19200499999999,105.24887,9.517796
2006-06-01,2.239481,160.368478,38.485921000000005,175.680422,46.776969,11.530308000000002,10.055838,1.6344880000000002,172.184928,13.263853000000001,51.718563,0.888,25.194,51.132,47.417744,145.73563700000003,48.955303,28.246218000000002,3.6909520000000002,84.49589200000001,37.04612099999999,10.507282,32.197368,10.042654999999998,242.94571699999995,0.325759,29.381933999999998,2937.552834,193.55705499999996,0.570343,65.89772300000001,63.508,95.911,0.556,11.131891,33.00009300000001,49.210709,1706.675526,36.536552,97.579598,9.842492
2006-07-01,1.829938,150.55316000000002,30.79021,143.62983000000006,48.622558,12.091104000000001,10.722607999999997,1.7139840000000002,140.69672599999998,13.555889,53.866234,1.171,23.224,32.364,34.409157,148.05306600000003,50.872919999999986,27.230366,27.966041,76.780256,38.53128000000001,11.018322,31.997436,8.206111,255.19808899999998,0.341602,28.021043000000002,1889.6347669999998,218.02585000000002,0.598083,69.102773,69.327,93.564,0.446,9.096155000000001,36.001752,51.56842,905.819267,38.753677,125.73951500000001,10.298907
2006-08-01,1.500467,196.54391999999999,28.532468,120.66505800000002,39.718805999999994,12.003732,10.386012000000001,1.7015980000000002,115.36498999999999,13.349771,49.080879,0.823,17.414,18.861,34.388063,141.58072700000002,50.14504800000001,25.953319999999994,24.235715,51.600297,39.92439,10.938701000000002,22.363492000000004,6.728642,252.6800710000001,0.339134,27.229939,1359.2979780000003,115.101193,0.5937610000000001,68.60342400000002,77.608,164.936,0.517,7.458439,33.887805,49.291439,618.667506,37.831851,78.419891,10.145218000000002
2006-09-01,1.09999,178.853186,19.175125,97.258469,32.510343999999996,7.791844000000001,7.320149000000001,1.104539,84.57392700000001,10.66806,46.226243000000004,1.049,27.638,19.442,17.132247,106.94197700000001,33.480737,18.736289,7.186026,47.933512,35.58757100000001,7.100511,13.253783999999998,4.932759,164.06795100000002,0.220138,16.397102999999998,1584.461319,171.46475,0.385421,44.53174,72.57,109.757,0.536,5.467772,22.899063,31.555576000000006,691.903424,25.989952000000002,79.515671,7.56415
2006-10-01,1.040309,243.069348,22.575039,89.37194199999998,13.464973000000002,6.8690609999999985,7.140131,0.9737290000000001,79.985307,10.351234,34.58337,0.713,12.714,44.886,35.882626,107.478504,31.303864000000004,19.081909000000003,4.660589,53.625027,26.547686000000002,6.259603,22.779791,4.665129,144.82394399999998,0.19406700000000002,13.255694000000002,1684.72202,165.83289899999997,0.339776,39.257878000000005,40.704,127.786,0.38,5.171113,20.973046,31.901831,685.988372,24.613333,96.337391,4.508732
2006-11-01,1.2070999999999998,450.081226,44.009682999999995,100.06532199999998,12.411140999999999,8.04594,8.621351,1.140558,92.809168,10.650083,32.301394,0.427,8.659,74.94,46.228135,124.44333800000001,37.02853000000001,23.121329000000003,2.4879729999999998,72.295283,38.050024,7.332064,29.795533,5.4130780000000005,169.66645600000004,0.22731700000000002,17.069213,1756.1051479999999,252.168919,0.39799,45.983948000000005,31.528,175.051,0.415,6.000184999999999,25.150254999999998,37.809502,866.0939920000001,29.469114000000012,133.875112,3.988206
2006-12-01,1.309443,295.166652,79.92870699999999,108.67440699999999,31.582551999999996,8.520039,8.355555,1.2077650000000002,100.677947,10.273449,39.372293,0.521,15.449,73.967,47.892553,123.94238399999999,39.676711000000005,22.843138,9.162738,68.392865,37.802252,7.764099,29.379424,5.872024000000001,179.85601899999997,0.240711,29.107078,2485.561928,180.53956799999997,0.421441,48.693512999999996,36.009,128.257,0.195,6.508911,26.07599300000001,39.183318,1072.2563280000002,29.288972000000005,91.14164500000001,4.22327
2007-01-01,2.21849,548.95826,156.30142999999998,73.40917399999998,49.719536,8.239156,9.432943,1.145536,120.28164100000001,10.322182999999999,17.851084999999998,0.744,2.811,101.849,31.19686,135.192464,55.104524,14.838923000000003,76.813354,67.946464,125.31383999999998,11.66356,32.837554000000004,8.772704,171.31911,0.062102000000000004,106.480759,2997.3901859999996,270.35602500000005,0.43837200000000004,93.009462,36.009,206.389,0.177,6.757085999999999,51.98672,31.947311,1213.8912440000001,35.463032,157.4278,1.42491
2007-02-01,2.312496,253.874503,114.052485,66.28525200000001,34.034802,5.956425,6.423985000000001,0.7805070000000001,71.074599,7.460032999999999,42.581474,0.595,11.368,76.961,22.276535,121.40128299999999,26.346088000000005,9.097299999999999,84.595942,60.001623,47.058980000000005,11.441295,12.695827999999999,6.60829,135.912294,0.121411,66.291887,2322.157964,91.478917,0.316917,56.81372399999999,33.995,78.479,0.301,5.9536240000000005,27.411386000000007,20.228383,985.7567730000001,30.151714,101.998917,1.2618880000000001
2007-03-01,2.396507,213.806478,93.815312,76.93888499999998,43.04972500000001,6.902909999999999,7.317425,1.1377530000000002,106.62689599999999,11.324425999999999,15.658815999999998,1.279,1.225,100.008,38.460561,121.84616699999998,81.586141,19.205388000000003,27.717143,78.627802,56.438105,8.223981,22.222644,8.460647000000002,162.15088799999998,0.025235,75.072825,3276.749527,322.68967200000003,0.367276,87.60035200000002,28.84,70.151,0.38,4.702447,28.293156,27.692889,1522.3610530000003,36.824149999999996,162.631305,1.7369400000000002
2007-04-01,2.271154,120.879567,145.311699,72.248352,37.37396600000001,9.855834000000002,4.998099,0.9263170000000001,125.660157,14.056174,30.213376,1.116,3.544,104.998,46.679038,128.73666100000003,85.51636600000002,31.882098,28.784136,92.17365099999999,46.88691,9.221502000000001,38.10433000000001,10.438986000000002,142.03344099999998,0.063841,135.26942499999998,2726.660442000001,294.95838499999996,0.524389,38.129526,28.891,57.751,0.459,4.355408,40.756834000000005,35.670485,1087.900967,39.23569300000002,116.227993,5.512797
2007-05-01,2.1450050000000003,113.861166,102.05264600000001,82.35801399999998,30.829396,10.434699,6.294443,1.273617,187.36173900000006,10.940194000000002,50.509888999999994,0.648,22.713,117.993,50.30410100000001,143.87893200000002,49.033,34.45266300000001,39.411769,90.116589,29.068154,9.865379,36.33801100000001,12.607412,151.64768200000003,0.154631,152.407997,2917.9672760000003,171.802227,0.555188,44.605413,30.895,57.866,0.459,12.559699,12.852566999999999,31.943914999999997,1644.75233,36.957304,95.434984,7.214657
2007-06-01,2.1083119999999997,124.023981,98.014742,83.13744899999999,25.489033,6.189176,6.739622000000001,1.32542,148.014564,11.372717,44.491424,0.79,11.255,80.771,27.586830000000003,115.62665000000005,14.663822000000001,32.242289,59.106891000000005,91.361209,36.181796999999996,14.109542000000001,17.893756,11.408314,130.677924,0.121405,149.806936,2272.336591,69.877464,0.329301,40.110215999999994,48.364,91.274,0.604,6.345191000000001,26.796749,16.190797000000003,959.2669669999998,31.335293,59.36589,11.329215
2007-07-01,2.1301620000000003,125.94399899999999,58.651526,97.50844700000002,38.976037000000005,4.998251,7.319587000000001,1.108392,170.453711,11.011434,45.019906000000006,1.044,14.933,54.119,25.965826,88.00203,15.004188000000003,9.643043,42.248239999999996,70.952276,26.110419999999998,17.054222999999997,13.272307000000001,11.712484000000002,125.01588100000001,0.154825,142.01505600000002,1729.4073949999997,43.35123300000001,0.26593700000000003,34.187683,57.716,87.42,0.381,5.078524,27.419486,22.362789999999997,738.8868869999998,24.219015,52.49526,13.705347000000002
2007-08-01,1.8766020000000003,169.681085,133.88532199999997,82.88600700000002,53.164772,4.295022000000001,7.967808000000001,1.051529,133.536517,13.603133,50.363911,1.303,22.122,36.131,12.588199000000001,87.15892400000003,17.933531,8.85952,45.806598,47.882202,41.91788500000001,15.602129999999999,5.499701,9.731729999999999,125.235283,0.185804,153.814258,1400.1493310000003,59.167578,0.228521,32.375244,58.218,121.14,0.085,4.715272000000001,25.447854,11.041021,598.5958570000004,24.056274,27.631216000000002,14.104837
2007-09-01,1.403683,99.01534,112.003682,65.16863000000001,49.02962,4.098693,6.723231,1.229741,87.17345799999998,11.322401,33.209917999999995,1.149,8.348,44.12,7.543919,90.190404,11.594952,17.436490000000003,19.68977,48.46358,18.199085,9.861914,5.441014999999999,7.152064,117.65665800000002,0.12643300000000002,91.047155,1464.7134179999998,31.450127999999996,0.218075,30.037072000000002,48.621,51.86,0.0,4.594752000000001,21.700286000000002,7.7561290000000005,611.0498739999998,20.165252,39.25392900000001,5.763361
2007-10-01,1.444791,85.26061800000001,81.507137,56.67148500000001,50.61344499999999,5.370984000000001,7.2659579999999995,1.305126,59.26312300000001,8.323898999999999,37.638124,0.924,13.794,25.555,28.349055,89.57846200000002,20.340876,30.224821000000006,11.808532,52.807657,16.558545000000002,9.067244,13.873882,5.919128,121.56192100000003,0.112384,56.150497,1661.6794499999994,57.738401999999994,0.285768,25.983307,41.199,53.237,0.601,4.596687,13.599495000000001,19.818075,673.695328,34.64932199999999,44.126941,3.304169
2007-11-01,1.5391620000000001,81.966295,42.187777000000004,47.67663600000002,24.165027000000002,8.076305999999999,5.964272,1.271859,50.321323000000014,6.832072,52.401407999999996,0.429,21.709,32.278,43.382667,126.58883800000002,14.845556,50.107864,6.669804,49.300633999999995,12.595502,6.70146,26.418481,5.599505,134.410025,0.19542700000000002,32.023138,1922.882986,143.47532100000004,0.42970800000000003,22.722717000000003,25.454,35.601,0.626,4.452692999999999,13.632802,31.980404999999998,722.6227529999999,25.239853999999994,83.498823,1.337002
2007-12-01,1.711634,81.79570600000001,94.271242,47.037709999999976,16.486641,7.6034429999999995,4.337627,1.124204,68.78927700000001,9.427698,29.996669,0.48,7.174,51.859,45.75140999999999,129.364221,50.19462100000001,34.473444,18.37182,69.89931299999999,16.875778,10.06677,22.662961,7.285737,141.48686900000004,0.08650200000000001,64.720069,2335.8524359999997,256.044648,0.404548,24.714285,36.234,35.755,0.173,3.6526170000000002,15.891382,32.990798999999996,962.316966,27.34071,124.02994,1.3118779999999999
2008-01-01,1.6306090000000002,348.13526399999995,96.956428,54.86419400000002,43.463884,10.564807000000002,7.546442000000001,0.889383,72.92509200000002,10.613955,44.336375,0.7381740000000001,17.305749,75.212,47.330221,138.233253,42.412193,31.088393999999997,28.636848,53.619332,18.912753,51.313853,26.884335999999998,10.051973,163.587863,0.280216,86.835598,2640.6877060000006,249.413435,0.391531,32.292501,,60.468637,0.022964000000000002,4.871659,17.331285000000005,50.947680999999996,1014.9528790000002,40.917789,123.525649,4.663328000000001
2008-02-01,1.77118,420.14946,124.901185,43.37785200000001,28.000461,10.911768,8.850282000000002,0.9892150000000001,61.191059,10.641301,20.429529000000002,0.821033,17.206606,75.215,47.248334,140.18850200000003,45.68054600000001,17.343066000000004,38.587604,53.120897,21.110673,54.858284,25.207657999999995,9.357477000000001,136.74036499999994,0.100589,129.07787499999998,2259.4652340000002,300.790173,0.404389,38.39027899999999,,114.905708,0.300411,4.535076,15.739992,47.02286900000001,882.5378449999998,19.764418000000003,102.089679,4.341133
2008-03-01,1.710378,503.719603,80.645698,50.48486400000001,50.53643,12.394511999999999,8.061383,1.114617,93.24901799999999,11.319347,7.120046,0.925115,24.110367,104.356,51.586235,149.17758500000002,48.9489,27.962623,140.961004,50.570063000000005,26.430623999999995,40.724294,20.082604,11.827704,177.25203899999994,0.030176,162.73436900000002,2503.6305769999994,350.94783400000006,0.45934,34.451735,,130.508809,1.118718,5.732264,18.490232,56.117534,1187.4354510000003,9.922316000000002,157.69288699999998,5.4871229999999995
2008-04-01,1.6390149999999999,272.61712800000004,77.06381700000001,96.635533,46.17294700000001,15.298965,6.810202,1.327521,135.724274,11.474962999999999,34.663213000000006,1.101822,22.410888,125.592,44.110875,135.623616,58.607699999999994,30.606004000000006,157.30194699999998,54.094135,29.337259000000003,59.055045,45.145711999999996,13.959239000000002,161.103806,0.20104500000000003,189.427535,1906.9254829999998,269.99583400000006,0.566979,40.935570000000006,,113.662723,1.478597,6.765307000000001,26.724190000000007,56.195783000000006,957.911242,32.591114000000005,117.486827,6.475987
2008-05-01,1.2119750000000002,208.908546,91.88642,112.75569300000001,56.04148800000001,11.238534000000001,7.067245,1.139304,133.308459,10.722814,35.064626000000004,0.945605,15.939870999999998,133.269,39.231812000000005,132.72461499999997,30.886213,33.1084,91.032105,94.94770400000002,19.186695000000004,45.648574,27.722517000000003,16.535148999999997,168.52341600000003,0.205953,183.63651900000002,3018.8062820000005,247.26958000000002,0.416499,36.354581,,54.915929000000006,0.924457,8.013714,29.403742,43.075417,1925.1814789999996,32.15370299999999,171.792307,7.671007
2008-06-01,1.549255,132.37294500000002,97.073398,95.292049,44.373661000000006,10.779377000000002,6.467853,0.943382,185.366616,11.200016999999999,47.608093000000004,0.782992,9.664534999999999,124.981,34.739932,127.44158400000002,45.888436,50.939348,122.270008,108.49883300000002,17.165022999999998,26.068148,20.913364,20.796635000000002,155.014488,0.25209400000000004,162.25589300000001,3297.836959,92.200154,0.399483,32.30421200000001,,66.737061,0.809856,10.079033,22.914619,38.722804000000004,2211.9836809999997,41.053633,55.446342,9.648001
2008-07-01,1.121264,124.158073,129.815472,118.69576800000002,54.763735000000004,10.793767999999998,6.691457000000001,1.367809,172.75707199999997,8.377151000000001,54.411222,1.13526,7.195374000000001,129.568,34.908948,123.20593900000001,27.891170000000002,27.703201,130.974458,108.245463,16.342105,56.273564,23.859231000000005,18.836415000000002,164.11267299999997,0.35311400000000004,163.55036399999997,2136.6053969999994,75.80656700000002,0.40001600000000004,29.918649000000002,,69.246669,0.720395,9.129018,26.420068,36.155277999999996,1205.3371529999997,48.596822,55.638653,8.738613
2008-08-01,1.354036,246.62269799999999,154.07270799999998,122.05513099999999,31.094884,13.673705000000002,9.091262,1.3036320000000001,152.29062500000003,8.556177,41.446212,1.0819940000000001,9.763176000000001,91.534,45.452258,141.284444,24.910335000000003,11.626543000000002,75.096232,73.33416,27.180189999999996,80.766237,34.908856,15.354175999999999,156.67682299999996,0.26127300000000003,141.379519,1297.7430590000001,50.969255000000004,0.5067470000000001,28.636327,,106.91799,0.636569,7.441359000000001,24.426782000000003,48.61254400000001,686.39914,37.38627100000001,34.906895000000006,7.123128
2008-09-01,1.474117,122.62382199999999,94.98935900000001,64.31185000000002,52.590683,8.069262,8.915908000000002,1.1859450000000002,93.46984300000001,11.921764999999999,28.309755000000003,0.984315,7.7783299999999995,52.559,19.896729000000004,114.91026600000002,49.53393900000002,11.155121,101.058173,58.650119,21.377948,56.70403600000001,20.434649,11.331361000000001,141.76620899999998,0.194279,118.192658,1556.8646760000001,49.611782000000005,0.299046,32.461186999999995,,50.887266000000004,0.433336,5.491715,23.034626000000003,12.880786,723.2222989999999,29.205403999999994,37.320068,5.256859
2008-10-01,1.631331,125.708112,104.79445499999999,40.57366399999999,44.900988000000005,7.841572,9.20007,1.0003360000000001,59.852561,7.859193,30.783012000000003,0.8302630000000001,5.084199000000001,60.314,29.454344000000003,104.305674,17.404222,25.799243999999998,39.25310700000001,47.576685000000005,17.249592,58.5415,20.944430000000004,9.256821,145.08920200000006,0.17535599999999998,111.07908,1663.388455,50.856413,0.290608,32.357274000000004,,51.69761,0.17724,4.486293000000001,17.181033,29.264864000000003,675.52802,27.184636000000005,28.997404000000003,4.294434999999999
2008-11-01,1.3562420000000002,110.772708,91.35258400000001,27.422037,0.8315529999999999,10.641963,8.381813,0.553536,51.791603,6.070770000000001,47.3182,0.45942600000000006,4.967398,35.693,42.944954,128.90476200000003,21.376669000000007,19.44237,29.286514999999998,55.440777,11.903606,24.183045999999997,27.915551,9.204333,164.51780000000002,0.29725999999999997,66.738307,1986.8485349999999,89.377733,0.39438999999999996,31.520079999999997,,32.732952,0.08759,4.4608550000000005,8.358233999999998,49.334451,789.5886760000001,41.26911799999999,48.232513000000004,4.270085
2008-12-01,2.0995980000000003,632.2306410000001,48.875476,30.730365000000006,39.781286,12.087767000000001,8.168413000000001,0.92532,61.70177799999998,9.670547000000001,45.289717,0.768001,20.569507,56.08,50.568358,140.21812,39.24067699999999,28.969306,30.647999,76.21483200000002,43.047532000000004,57.133418999999996,30.319551999999998,11.157717,171.729636,0.210645,35.183283,2328.370637,267.73824,0.44797200000000004,44.255605,,155.29164600000001,0.332867,5.407557,17.336547000000003,50.775988999999996,853.797135,36.99394600000001,117.738776,5.1763010000000005
2009-01-01,1.971031,672.1768959999999,96.051399,36.026317,36.960686,11.700391,11.263671,0.892182,115.974108,8.403393,44.767848,0.844164,22.458502,100.881,37.828642,140.315126,29.440313,25.101506999999998,39.722265,70.74718800000001,56.98411600000001,9.846658999999999,31.916297,10.873613,160.68995000000004,0.186597,63.81448799999999,3036.3471799999998,179.08336399999996,0.411194,58.486968000000005,36.470953,203.626226,0.070009,5.710801999999999,36.698074999999996,41.499432,1233.6187860000002,29.254775,131.85472399999998,7.794736000000002
2009-02-01,2.133799,282.60053000000005,166.834165,50.713269999999994,34.033128000000005,9.807034000000002,9.042395,0.713799,81.01928899999999,9.573047999999998,29.92434,0.6753810000000001,17.224168000000002,87.382,30.532180999999998,129.51535300000003,42.740920999999986,25.607011000000007,56.866364999999995,61.148327,20.923308000000002,7.877915,23.867231,8.839698,147.61432399999998,0.102647,82.835499,2067.867095,183.748518,0.344654,31.343536000000004,23.372873,100.286556,0.046672000000000005,4.64259,17.702505999999996,41.081968,843.099946,19.909914,111.510405,6.336721000000001
2009-03-01,2.2552880000000006,605.0516700000001,82.28177099999999,83.88414700000001,45.529154999999996,13.158942999999999,13.143244999999999,0.76886,81.10852500000001,11.799377,37.802021999999994,0.7274780000000001,26.184493000000003,106.346,52.951676,139.961665,73.81851,51.09441,33.725928,61.7209,41.002702,8.485594,51.051527,10.247806,180.40143100000006,0.156725,72.63137400000001,2327.509582,252.88115200000001,0.462452,70.509136,34.044787,142.99474399999997,0.445838,5.3821270000000005,31.024104999999995,66.413366,1175.7205729999996,26.991195999999995,143.65332,7.346121000000001
2009-04-01,2.310107,511.95688499999994,122.10111,100.16245000000005,33.596546,14.504831000000001,13.35396,1.043194,194.89911999999998,12.977376,33.889452,0.987047,24.698656,125.916,47.476763000000005,136.43477800000002,116.28710000000001,47.28535,104.431682,77.519977,38.267027999999996,11.513315,65.60026800000001,13.767265,165.2398539999999,0.15437900000000002,171.849664,2687.7526000000003,239.195457,0.509752,64.75687300000001,35.29417,142.01568300000002,0.585373,7.230536,31.558947000000003,61.63855100000001,1544.8815260000001,26.705385,139.120755,9.869039
2009-05-01,1.742879,666.1437960000001,70.25530900000001,134.332554,52.575696,12.945632,11.599064000000002,1.289383,173.93025699999998,11.784523,39.080157,1.2199849999999999,23.880747,130.16,37.718379999999996,134.39510400000003,44.494295,68.019779,111.910326,116.98093399999999,60.518166,14.230399000000002,55.667693,15.567479,173.86784499999996,0.17979499999999998,189.481073,2832.4470660000006,219.784482,0.454956,57.205947,41.198978000000004,230.940553,0.971047,8.176006000000001,29.464068000000005,59.871537,2115.502986,28.095526000000007,162.34381,11.15952
2009-06-01,2.289725,251.171591,151.67614400000002,157.10796799999997,49.144229,9.851626000000001,11.975899000000002,1.386249,196.265565,11.471602,48.86238899999999,1.311638,16.16986,130.985,36.632836000000005,114.25614000000002,29.479465,50.25215899999999,26.733036,122.98932800000001,73.27751100000003,15.299466,38.392796000000004,16.784807,159.31822899999997,0.236036,163.90031999999997,2905.973392,198.79758900000002,0.346221,65.32604699999999,60.874957,125.30544000000002,0.6100599999999999,8.815343,49.442609999999995,43.761078999999995,2017.7230210000002,34.293,129.941426,12.03216
2009-07-01,2.270956,179.007755,108.28667499999999,156.785989,45.557716,13.391112,12.614525,1.317673,196.51425600000002,10.053028999999999,52.794183000000004,1.2467519999999999,11.564846,98.002,49.920727,135.73005500000002,12.610326999999998,28.655986000000002,31.466168000000003,96.59903799999998,29.198714,14.542620000000001,56.087462,14.851532,167.12718500000003,0.254558,88.89674,1593.8026620000003,125.396322,0.47061200000000003,41.81876900000001,69.715936,87.57390999999998,0.553042,7.799991,24.957398000000005,57.60188899999999,931.9485289999999,35.970248,74.131894,10.646294
2009-08-01,2.489093,235.271022,94.047279,108.63321599999999,15.056936,11.861127999999999,12.513268,1.3202,150.67462000000003,9.386376,46.803352,1.249144,13.444547,84.715,39.497413,139.90425600000003,14.324547000000004,21.809468000000003,32.796763,61.570468999999996,29.894909,14.570514,43.341648,11.993052,163.141286,0.265463,90.774919,1135.4909989999996,165.96504199999998,0.41684200000000005,40.672947,73.964018,126.41560500000001,0.45222700000000005,6.298725,27.869073,33.397315,554.702861,34.346618,84.343919,8.597197
2009-09-01,1.8669149999999999,469.80258399999997,106.649049,82.378611,49.713420000000006,6.422987,14.999488,1.3869719999999999,99.625474,8.245258,42.564468999999995,1.3123220000000002,13.129756,58.477,13.435227,90.45752700000001,13.356083000000002,21.250443,27.005326,48.243068,42.048377,15.307451,16.406222999999997,9.11384,147.66350000000006,0.181789,125.972448,1385.1644500000004,81.89288900000001,0.225727,36.603561,81.24101300000001,123.97907300000001,0.220198,4.786568,26.941948999999997,12.640004,652.151793,27.794581,45.94704,6.53324
2009-10-01,2.978231,752.3718640000001,100.59928500000001,64.99984700000002,39.33741800000001,8.181700999999999,16.607992000000003,1.3945999999999998,70.32091699999998,8.974742,50.501322,1.319539,20.434030999999997,90.194,36.237379999999995,89.951363,27.582848999999996,20.60404,108.995339,53.187367,50.233239999999995,15.391636,33.393947999999995,8.576092000000001,153.2106950000001,0.224359,178.63389700000002,1568.488027,160.513063,0.287534,44.96865999999999,56.236367,202.580402,0.491256,4.504143,19.738359000000003,23.820093000000004,695.677607,33.48053300000001,125.23940300000001,6.147755000000001
2009-11-01,2.779798,737.42101,111.667681,42.852695000000004,2.329806,10.182386000000001,18.211991,0.9746840000000001,56.779755999999985,8.707726000000001,42.919422,0.9222250000000001,17.197675,110.183,46.96812499999999,103.52706399999998,33.52771200000001,58.40291000000001,71.99341700000001,58.20946,88.31188,10.757197,43.687795,8.589433000000001,165.63875299999998,0.285223,172.66788699999998,1954.8259290000005,177.34447299999997,0.357845,141.246094,26.146106,192.71072299999997,0.9465330000000001,4.511152,42.433344000000005,40.177068000000006,711.1842229999999,34.335371,99.82988800000001,6.157321
2009-12-01,3.2351780000000003,899.942397,101.28913299999999,50.474035999999984,29.869263999999994,12.753709000000002,29.413502,1.038204,69.68927299999999,9.01155,33.561044,0.982325,23.255719000000003,113.11,48.46228,134.51290899999998,30.827878,37.714487,44.080385,70.28494400000001,84.514049,11.458234000000001,49.147822,10.946382999999999,175.11839799999998,0.173429,77.079691,2328.7380179999996,261.000649,0.448211,227.09759200000002,45.776842,258.489085,1.0767449999999998,5.749017,68.261566,52.750697999999986,803.322189,24.779512999999994,158.352416,7.846896000000001
2010-01-01,2.889822,679.299095,129.978828,41.301595000000006,44.19792699999999,8.367915,21.103926000000005,0.634729,91.08556000000002,5.666640999999999,34.486822000000004,0.9538620000000001,26.552313,104.529,37.177206,133.111192,31.222761000000006,30.147117000000005,53.147973,68.002713,100.413438,53.412315,34.003616,10.27988,154.83235699999997,0.286322,117.57987800000001,2117.484359,233.562008,0.33519800000000005,155.271061,,221.42305399999998,1.40972,4.828788,48.037607,38.26667,980.995284,33.836192000000004,148.921903,1.4725720000000002
2010-02-01,2.069821,732.8611539999999,121.78434899999999,41.962189999999985,44.374002999999995,7.315845,25.688745000000004,0.554052,78.944486,4.130142,34.286249,0.8326220000000001,28.436981,116.029,33.250689,118.022334,21.636081000000004,30.081294999999997,89.144351,58.863612,100.35064700000001,46.623292,25.307489999999998,8.245228000000001,139.04046,0.138041,159.523807,1898.8631419999997,157.413345,0.29305400000000004,165.755786,,259.26354699999996,0.58277,3.8730439999999997,47.423404000000005,34.28679,814.370228,26.078363999999993,136.119512,1.472384
2010-03-01,2.580584,568.902455,118.428467,59.72696300000001,47.807162,10.079351,19.377434,0.43785599999999997,76.36981999999999,6.698669999999999,21.968546000000003,0.658003,24.248296000000003,116.627,45.323965,137.135227,58.82626000000001,52.381288,63.212049,52.301006,61.096921,36.84539900000001,49.157333,9.499197,163.26656499999999,0.145185,134.261856,1932.5340969999997,302.513734,0.403754,83.46825299999999,,132.62746399999997,1.410942,4.462073999999999,37.28910799999999,49.989310999999994,910.7020090000003,21.749708,175.277901,1.904052
2010-04-01,2.864364,288.716505,106.00332300000001,77.21491400000002,43.197386,11.364692000000002,12.845884000000003,0.463815,85.39994000000002,8.793117,49.351382,0.6970149999999999,17.704521,114.519,48.193137,147.90306199999998,65.06578999999999,38.249981999999996,71.986863,54.654948,44.10763,39.029861000000004,55.878989999999995,9.857876000000001,144.04295700000003,0.371578,130.173794,1513.528931,215.045143,0.45524100000000006,56.79391,,59.27796599999999,0.659794,4.630555,32.97056,61.30166100000001,806.9911349999999,47.24724100000001,115.580606,4.849582000000001
2010-05-01,2.331272,378.402377,87.01356299999999,122.54952499999996,16.540745,8.182408,16.349649999999997,0.753774,140.81804399999996,12.842994999999998,33.039324,1.132761,29.849508,101.152,37.372162,121.77858,41.39575200000001,33.663048,84.637029,83.76935499999999,39.026732,63.429792,36.35293000000001,14.215747,145.27511500000003,0.27595800000000004,124.259076,2113.7510689999995,192.043484,0.327767,55.41388100000001,,141.047125,0.6803100000000001,6.677585,21.565195000000003,48.67748300000001,1333.440177,35.14907000000001,149.598343,11.210527
2010-06-01,2.7316510000000003,224.432554,134.60373400000003,137.55018399999997,47.011139,6.0865990000000005,14.094297000000001,0.6428530000000001,217.80883000000003,15.414522000000002,41.160209,0.966071,16.144136,114.54,24.860573999999996,95.475843,62.987612999999996,40.45843,35.27365,97.24842100000001,39.525180999999996,54.095879999999994,22.934914,19.515102000000002,144.876436,0.43440500000000004,132.203007,3220.9278289999993,104.024004,0.24381400000000003,58.909393,,84.641102,0.7292390000000001,9.166861,24.856943000000005,37.546583,2208.8729649999996,48.071436,91.38376099999999,13.578485
2010-07-01,2.9659500000000003,141.506913,138.593007,130.17024300000006,45.675275000000006,4.961126999999999,13.403951000000001,0.828875,197.93758099999997,13.875034,47.300069,1.245622,11.085591,117.19,16.995749000000004,89.50131299999998,30.464773,43.19696,39.610038,98.391049,27.141841000000003,69.749561,12.872324,17.16157,151.45708899999997,0.46334200000000003,155.047076,1854.7585390000004,59.17782500000001,0.19873000000000002,36.367878,,68.47713399999999,0.5135210000000001,8.061332000000002,21.403246000000003,25.843639000000003,1001.4921319999999,51.340319,53.231446000000005,13.069428000000002
2010-08-01,2.73863,200.916254,91.03508399999998,109.33389899999999,26.205512000000002,4.9708190000000005,12.557071,0.891031,164.377098,13.843544,42.856403,1.33903,14.905265,110.134,16.73005,79.99680200000002,16.268975000000005,39.269507000000004,36.372855,67.439718,33.06015,74.979995,14.126253,13.740119,145.521684,0.39063800000000004,73.581572,1189.0823839999998,53.605478999999995,0.199119,47.833402,,123.663361,0.367835,6.454166999999999,22.825851,20.133791000000006,613.1622059999997,45.29123300000001,46.014285,10.698928
2010-09-01,2.3400260000000004,156.109289,47.345545,82.41422600000003,49.854396,4.235829000000001,10.704679,1.049347,112.00991599999999,8.762754999999999,22.919109,1.5769440000000001,11.574596999999999,65.993,8.485752,78.86515500000003,17.279954,41.764617,18.636446,67.492458,32.417596,88.302171,8.517644,11.3668,136.65053599999996,0.213672,66.389112,1479.7236959999998,33.95324099999999,0.16967700000000002,32.406497,,102.05713899999999,0.7042240000000001,5.339346,20.085471999999996,10.63151,714.9777290000002,25.132810000000006,33.998622000000005,8.214351
2010-10-01,2.3341469999999997,159.52375,11.761582,61.53894,3.033179,9.505422000000001,10.162978,0.97872,71.32502700000002,4.83371,38.996795,1.470807,8.928351000000001,57.695,41.642230000000005,121.63952499999998,22.170179000000005,44.58244500000001,20.866242,64.723746,29.399987,82.35895,51.104702,8.466766,141.21942800000005,0.344541,18.232846000000002,1788.003013,189.483355,0.380763,31.382075,,92.953619,0.14715300000000003,3.9771070000000006,14.501226999999998,50.39090499999999,740.8148030000002,38.381611,43.026188999999995,2.373185
2010-11-01,2.335966,232.655514,25.209847,61.44977199999999,5.036037,8.954569000000001,9.285883,0.899363,62.67297400000001,5.02873,48.16782,1.3515510000000002,14.106539000000001,29.781,42.643299999999996,124.50394299999998,23.434149000000005,52.96553,27.037155,69.850359,30.720624,75.68110899999999,47.330330000000004,9.930894,155.70083100000005,0.46414700000000003,20.112267,2082.302644,163.936533,0.358698,30.843512,,110.68092999999999,0.118104,4.664854999999999,22.426685999999993,59.480892999999995,820.968724,48.787256,72.498601,1.287682
2010-12-01,3.4747670000000004,438.32314,31.642671,101.25554899999999,17.726239000000007,8.492424000000002,12.220502,0.6585850000000001,90.58572399999998,5.73214,39.179272,0.9897120000000001,32.983902,60.605,40.178186000000004,111.35289400000005,33.244713000000004,44.644561,34.328349,83.60461500000001,47.842293,55.419675000000005,43.497474000000004,11.583821000000002,166.29857199999995,0.283171,21.629709,2411.6652970000005,230.93084900000005,0.340185,35.08235200000001,,206.410559,0.124388,5.441286,20.647591000000002,38.545764000000005,1028.806608,36.199760000000005,103.413831,1.392824
2011-01-01,2.879364,410.79541099999994,36.795243,116.70328400000001,50.522466,10.127409,7.973872000000001,0.42032200000000003,154.24182300000007,6.304755000000001,44.683523,0.950849,17.180936000000003,51.48,32.437518,133.60160800000003,21.475914000000003,34.045142999999996,37.505968,85.618146,33.513779,49.978766,30.644988999999995,6.7823590000000005,146.01295099999996,0.303261,26.295892,3268.2503580000007,83.27189099999998,0.602245,52.919686,,132.81291600000003,0.126256,6.408995,27.005123,39.187166000000005,1558.7208650000002,47.829388,92.26189000000001,1.694336
2011-02-01,2.769298,338.898488,55.613834,87.99738599999999,50.52030899999999,8.397246,8.543443,0.364614,167.97718199999997,8.814081999999999,24.87568,0.8248289999999999,13.887694,48.28,23.517864,116.79845900000001,26.194072,31.308561000000005,21.950978,87.484672,28.089013999999995,43.354862000000004,21.855328000000004,7.924225000000001,126.581774,0.23214400000000002,43.23691899999999,3113.135966,149.925037,0.499358,37.650603,,103.877618,0.38552600000000004,7.488003,21.139481,28.640334,1379.0952269999996,33.31553000000001,150.79561599999997,2.276949
2011-03-01,3.202119,813.795764,83.929901,136.44356699999997,56.803,11.743274999999999,12.405335,0.42876,186.510744,11.703621,6.213760000000001,0.96994,22.16113,98.542,44.656245,140.375421,65.87673,44.616040999999996,26.227034,84.254875,58.121863000000005,50.982203999999996,43.610870999999996,9.321969,168.34061400000002,0.019048,97.252499,3552.2504039999994,362.68611899999996,0.6983360000000001,69.61835699999999,,253.423728,0.342997,8.808800999999999,41.450335,58.862917,1928.434108,11.305918000000002,161.51076,7.317507
2011-04-01,2.160897,751.348742,50.171551,159.98499600000002,56.583064,14.200477,11.014063999999998,0.470587,175.63865,12.285133,7.9817290000000005,1.064562,23.214156,111.061,44.025577,133.28149399999998,101.777848,43.320663,51.192339,106.021306,44.558223,55.955721999999994,66.35216899999999,9.778204,152.562041,0.052702,70.47509600000001,2974.98482,344.14982599999996,0.8444579999999999,91.907971,,206.959817,0.769616,9.239921,47.428649000000014,55.205914,1887.0819859999995,15.685874,137.51127499999998,10.437627
2011-05-01,2.148769,244.10178299999998,93.99344200000002,176.674853,61.288231,16.229255,9.020087000000002,0.7325130000000001,169.001992,11.016119999999999,12.90386,1.657089,23.218394,111.456,50.720622000000006,142.270693,60.112663,50.108143,152.65515200000002,101.565855,28.103965,87.10030200000001,78.427807,10.529163999999998,178.25462499999998,0.074116,169.150078,3259.845507,334.66007700000006,0.9651029999999999,48.381436,,166.55038799999997,1.002249,9.949541,41.892416,60.149350999999996,2111.9947660000003,18.156695000000003,164.531587,14.481434000000002
2011-06-01,1.9845059999999999,175.45364600000002,69.502964,160.76827599999996,53.800201,9.565935000000001,8.495839,0.725895,210.29215200000002,14.110845,48.012995,1.642117,23.551214,120.207,39.81131800000001,114.76333099999998,39.544295,51.782357000000005,93.51799700000001,93.839134,29.357056000000004,86.313314,32.776346000000004,11.509137999999998,177.066699,0.41767200000000004,79.652436,3384.1633579999993,170.265205,0.568856,40.83571700000002,,103.11904600000001,1.019155,10.87557,34.737736,52.373111,2493.7446340000006,60.706104999999994,77.771763,12.937776
2011-07-01,1.861364,198.67475199999998,21.792999,172.77741200000003,54.52259899999999,6.262968000000001,8.358848,0.684071,245.12561099999996,9.308584000000002,59.945941999999995,1.547504,14.440285,123.856,17.504631,89.445434,17.148839999999996,40.736316,65.128092,98.260441,27.215941,81.340245,14.092009000000001,12.342773000000001,170.89294299999997,0.393823,15.548238999999999,3056.1530949999997,75.71839399999999,0.372439,53.158334999999994,,90.204477,0.788435,11.663311,28.392278,13.538060999999997,1771.1090549999997,63.24031300000002,47.97973399999999,14.26388
2011-08-01,1.853383,185.720641,30.375519999999998,141.87794,12.646805,6.619829000000001,9.602024000000002,0.662917,185.49916600000006,13.887939,52.855332,1.4996489999999998,10.360482,98.595,16.336141,87.31415799999998,15.766984999999998,43.531273999999996,23.625404999999997,78.87192399999999,25.501385,78.824888,21.426617999999998,10.096963,163.65803400000001,0.329489,22.212528,1976.8695340000002,93.11281299999999,0.393661,42.340998,,102.428966,0.821661,9.541134999999999,28.363707,10.344322,806.812741,56.853187999999996,26.099473,13.497848
2011-09-01,1.9621410000000001,277.889263,19.279791,116.21852399999997,45.787198999999994,10.1125,8.928539,0.582315,144.608878,9.333584,51.496114,1.3173119999999998,12.592925,65.485,28.512070000000005,126.39566299999998,15.192388000000001,18.047864,26.281488,62.015969,24.554316,69.240842,37.639776,7.325224,154.83105399999997,0.27572800000000003,9.403279,2016.5374949999998,198.173701,0.6013590000000001,40.013949999999994,,91.08776300000001,0.46771300000000005,6.921975999999999,26.806185,34.639725999999996,919.6878690000002,50.76680200000001,75.850853,10.59045
2011-10-01,1.884045,198.54541999999998,13.704448,80.85998300000001,53.466224000000004,11.554002,7.59676,0.465594,86.06952899999997,8.040406,46.877714,1.0532650000000001,9.315213,45.553,43.750714,132.83385900000002,25.646542,14.621409,17.522596,70.9924,21.29341,55.361929,49.309968,5.714574000000001,164.30288,0.331338,7.0741700000000005,2031.136756,280.592323,0.68708,37.231995000000005,,89.379728,0.179898,5.399991,14.977324999999999,52.668986000000004,876.1481569999999,51.64028999999999,86.847994,3.235112
2011-11-01,2.856231,353.998573,48.897702,72.716169,3.656256,8.677734000000001,7.586435000000002,0.5350090000000001,73.95461900000001,9.815899999999997,34.291904,1.2102950000000001,16.592469,54.361,42.288105,121.75421700000003,35.99640700000001,14.387566999999997,28.890505,68.58611,25.137546999999998,63.615812000000005,33.056867000000004,6.001479000000001,178.03336399999998,0.219577,29.324696,2166.819749,219.30097100000003,0.516038,34.406020000000005,,132.21341700000002,0.09287300000000001,5.671103000000001,21.960564000000005,31.623468999999996,869.5631500000001,38.358890999999986,92.519914,1.3554570000000001
2011-12-01,3.191883,775.088517,100.77960499999998,63.46260999999999,2.7486460000000004,11.13337,7.897754000000001,0.445403,83.883654,10.150031,18.640447,1.007589,22.380101999999997,115.143,50.998195,134.916543,37.03931600000001,20.595692,61.385445999999995,72.51016800000001,58.851501,52.961114,43.405252,6.580928,192.326021,0.102102,54.466167999999996,2401.3839580000003,286.67064300000004,0.662067,38.076932,,233.885136,0.10462099999999999,6.218653000000001,38.13420099999999,51.443642999999994,903.580442,22.216006,147.379141,1.519624
2012-01-01,3.0539120000000004,780.904547,69.327293,49.000696000000005,22.134151999999997,7.745763000000001,6.547784,0.518548,88.93717,7.140446,18.986065999999997,0.82604,31.510076,122.126,44.669554999999995,136.65177,35.40444099999999,25.980305,38.021913,79.965757,63.635206,65.618507,40.155697,6.800757,150.993153,0.164512,29.845738,2535.8224349999996,256.259061,0.405923,51.466732,,253.805673,0.0,4.236778999999999,37.981199,37.800515999999995,1100.700569,16.672006,159.745665,2.0210019999999997
2012-02-01,2.66071,528.348495,100.99751300000001,38.92483500000001,18.835922,6.344995,5.304286000000001,0.46335899999999997,89.08099100000001,9.572153,33.571667,0.738124,24.685650000000003,109.555,34.118128000000006,116.11642799999998,35.727869000000005,26.416218999999998,43.040203999999996,67.378141,36.02339599999999,58.634777,29.042994999999994,6.239532,145.76895,0.385064,69.035709,2333.623898,191.02866799999998,0.332515,44.12141800000001,,193.81987600000002,0.0,3.887141,18.543753999999996,32.904686,1067.3166370000001,29.909873999999995,150.32031099999998,2.3278610000000004
2012-03-01,2.521777,614.7654010000001,78.41033300000001,55.035519,39.19780899999999,8.835104,5.070999999999999,0.545605,162.67523999999997,9.225915,24.142899,0.86914,29.862125,111.029,49.542386,126.14140099999999,83.33787,54.42855999999999,78.354077,77.147639,31.845858,69.042317,57.753833,8.442228000000002,155.675464,0.191497,90.403349,3171.4426000000008,217.60452899999999,0.463012,52.54784,,171.878601,0.0,5.2593890000000005,37.32336,53.083862999999994,1758.6225990000003,21.440206000000003,174.60819,3.5439610000000004
2012-04-01,2.01652,105.793488,121.37646000000002,83.93011000000001,30.397928000000004,6.749393,4.760568999999999,0.603047,179.05045900000002,11.020058,47.583986,0.960644,13.311669,91.417,38.671305000000004,107.56229300000003,37.876394,61.257833999999995,67.443368,93.248581,30.533802,76.311184,35.680485,10.910275000000002,129.61153900000002,0.637269,127.22192299999999,3067.9947270000007,135.005173,0.353708,47.185114,,69.27024399999999,0.0,6.796949000000001,43.523734000000005,46.883396999999995,1978.499156,43.28567,114.189748,7.279244
2012-05-01,2.01544,93.091549,100.52653399999998,128.18896199999998,46.74191,9.033553,5.625867,0.5910420000000001,172.95663900000002,9.578547,32.56488,0.9415209999999999,8.549434999999999,87.332,52.063175,133.70819400000002,44.376712000000005,82.538593,23.634454,92.89669599999999,38.769729000000005,74.792111,59.314114999999994,10.834567999999999,126.97852500000002,0.268531,71.349571,3386.1529899999996,255.38378,0.473412,54.16866,,47.316571,0.0,6.749784,43.912572000000004,51.021644,2024.3355600000002,26.489015000000002,155.741592,13.782033
2012-06-01,2.083963,129.326639,28.154215,113.468547,38.183699,7.396541999999999,5.478021,0.572367,180.99834600000003,8.935887000000001,40.834581,0.911771,8.715583,34.197,38.160786,125.051541,27.077025,71.450621,16.796449,88.684051,29.055460000000004,72.428825,42.464999,11.666206,115.76050400000003,0.42913799999999996,19.834539999999997,3013.9122369999995,151.26875099999995,0.387623,45.200846000000006,,71.91260900000002,0.0,7.267883,27.743920999999997,27.826475000000002,1591.836364,33.623551000000006,58.619011,14.864996999999999
2012-07-01,1.3860949999999999,158.50271700000002,20.818951,121.56247499999996,45.932146,5.240504,5.490036,0.6420560000000001,179.80467499999995,8.495842,40.609156999999996,1.022784,9.572605,19.763,14.717685000000001,108.45590599999998,16.946385,19.294821000000002,20.287295999999998,93.792811,26.645832,81.24747500000001,15.990775999999999,11.489647999999999,111.47855600000001,0.472086,13.89245,3046.919837000001,52.547092000000006,0.274634,43.234204999999996,,78.39620100000002,0.0,7.157889999999999,32.787339,13.688278999999998,1067.9251899999997,34.281835,50.433239,13.550821
2012-08-01,2.240131,231.961669,10.975678999999998,111.86639399999997,46.823482000000006,4.395601999999999,5.753359000000001,0.674705,140.16913899999997,5.003065,38.242173,1.074794,15.472794,13.582,8.813206000000001,96.19677399999999,19.258129,10.475909,13.75209,63.0508,31.369795000000003,85.379024,15.390448000000001,8.767425,107.78210999999997,0.442013,8.383245,2050.798597,62.149559,0.230356,49.807302,,129.630992,0.0,5.461983999999999,33.503823000000004,9.756132000000001,768.3605949999999,30.81641499999999,47.134201000000004,13.829529999999998
2012-09-01,2.3535,230.79496799999998,12.694249,93.432184,44.019149,4.539451999999999,5.367513999999999,0.605118,91.07769499999999,5.121772,41.196448000000004,0.963943,15.373418,16.364,11.018358000000003,93.47050800000002,10.766498000000006,8.368967000000001,12.314751,44.703439,31.991421000000003,76.57329,15.169763999999999,5.877427000000001,101.22101299999999,0.43703699999999995,9.589658,1902.1203660000003,59.431473000000004,0.237894,44.72576300000001,,112.751234,0.0,3.6615550000000003,28.236023,13.037652999999997,748.373145,31.821083,60.561074,8.984878
2012-10-01,3.679517,274.082502,15.207286,67.93838000000002,49.050489999999996,6.804193000000001,6.25278,0.520051,60.98694600000002,6.36261,44.01793,0.828433,17.944447,19.223,29.457147,123.226195,22.695369000000003,10.181821000000001,8.476785,57.576402,36.357944,65.808719,32.425402000000005,4.619191,101.15350999999997,0.470615,11.859637000000003,1660.4108899999999,102.38377799999998,0.35658,43.13432099999999,,134.38188,0.0,2.877691,18.884784,40.102546000000004,671.5512629999998,34.74014499999999,59.741085999999996,2.979678
2012-11-01,2.925583,254.37546899999998,7.539401999999999,57.45851600000002,3.186954,6.545943,5.673493,0.48542,61.41832799999999,7.690244000000001,43.226386,0.773266,13.588942,21.099,31.855776,126.36024599999999,18.126624999999997,9.138736000000002,12.516425,72.666961,31.370112999999996,61.426354,30.132729999999995,6.3746670000000005,121.14894199999998,0.557238,4.868713,2192.304153000001,161.51490200000003,0.343046,35.26775500000001,,134.36758500000002,0.0,3.971328,21.733501,32.617441,898.7237439999999,37.30380100000001,94.063621,1.634741
2012-12-01,2.805852,443.275556,10.584085000000002,76.441382,22.465359,7.771956000000001,5.145290999999999,0.306682,81.989372,6.461461,28.528827,0.48854000000000003,22.751256,34.257,43.043493,133.64306399999998,41.098683,11.318153999999998,12.018188,81.175722,22.923444,38.808417,40.99075599999999,7.160076,124.38873399999999,0.332,4.401467,2997.81227,208.64023400000002,0.407297,37.44004399999999,,152.35253400000002,0.0,4.460627000000001,14.750990000000002,48.234367999999996,1202.1861780000004,24.910398999999998,111.370262,2.0372540000000003
2013-01-01,2.8302830000000005,788.8926669999998,26.551696,57.738693,44.369567,8.10753,12.764186,0.28567200000000004,89.80365899999998,6.300840000000001,29.674286,0.9988819999999999,18.144907,86.731,34.590262,130.690341,40.142955,9.067491,10.897753,73.948443,86.651901,54.293734,34.55137800000001,3.967888,170.40385100000003,0.3067,12.708206,3082.2759030000007,226.36326499999998,0.380207,61.186812,7.000000000000001e-05,262.837478,0.0,3.682804,33.268652,41.91967699999999,1065.1528479999997,32.466138,137.64962599999998,1.959782
2013-02-01,2.6416099999999996,770.1975889999999,43.16490800000001,51.40215700000002,36.591449999999995,7.981836,17.092948999999997,0.255294,70.90951899999999,9.386436999999999,29.600721,0.892668,17.083692,103.346,33.286122,126.25750299999999,38.919128999999984,8.505457999999999,7.3243789999999995,66.69391999999999,91.96085900000001,48.520416,35.590821000000005,3.147864,147.478653,0.25844799999999996,22.269171999999998,2216.2209600000006,202.54218000000003,0.374313,75.65524599999998,5.7e-05,248.89998399999996,0.0,2.921692,33.198757,30.308747,948.9797200000002,31.018351000000006,132.41565100000003,1.755127
2013-03-01,2.434797,652.696451,55.388732,58.359209,39.618137,8.586564000000001,13.888787,0.34961000000000003,70.43557799999999,10.885806999999998,26.686709999999998,1.222456,19.026132,106.707,41.507523,138.075701,56.21646,14.904378000000001,6.496885,63.817008,69.24490100000001,66.44583100000001,40.563435,3.54217,170.94518000000005,0.248272,42.264054,2235.2829710000005,213.26314799999997,0.40267200000000003,71.99051700000001,8.400000000000001e-05,206.92865999999998,0.0,3.2876680000000005,29.636249000000003,39.356581000000006,1031.435412,29.939105000000005,164.421411,2.300178
2013-04-01,2.438867,573.2729429999999,101.573161,70.783099,33.114197999999995,10.192580999999999,14.121167000000002,0.37606599999999996,157.571462,10.215779999999999,30.045063000000003,1.314962,17.149874,98.491,51.942553,132.82689400000004,90.975869,28.664539000000005,39.995691,89.725636,53.330172999999995,71.47397,60.497288000000005,5.077775,145.25279999999995,0.263252,120.58476999999999,2649.135478,244.20133299999998,0.477988,65.247173,7.3e-05,169.427046,0.0,4.712942,41.640238,56.02563,1163.1443190000007,33.022843,130.381297,4.149130000000001
2013-05-01,2.2186999999999997,733.0390830000001,110.473159,82.40659600000001,41.851986,9.225012000000001,20.069715,0.403103,144.24853399999998,10.914389000000002,36.576946,1.409502,17.794375,126.938,41.821759,133.05686300000002,66.547388,32.319604999999996,55.604035,91.79428700000001,108.907889,76.61260899999999,47.615299,5.840223,139.66054900000003,0.44609,134.34915000000004,2881.860802,172.73354499999996,0.432613,97.453149,7.4e-05,246.2095,0.0,5.420605999999999,54.335882,39.08464,1712.08898,44.43734799999999,157.608785,8.249533
2013-06-01,1.9686510000000002,459.62681200000003,122.059747,84.893253,42.145324,10.568515000000001,13.618208000000001,0.393312,148.01807,12.728698999999999,34.779759,1.375266,14.120245,126.869,47.353754,154.05151500000002,44.30867799999999,185.35679299999998,59.912658,86.77968100000001,81.389494,74.751727,51.724805,6.1172759999999995,135.87365900000003,0.43805,153.846944,2445.966976,173.33527399999997,0.49561700000000003,91.350146,7.099999999999999e-05,203.70265499999996,0.0,5.677754,44.239456999999994,51.737629999999996,1214.9612850000003,43.085440000000006,129.727226,12.489563
2013-07-01,2.046179,616.454875,60.76709999999999,94.96278400000001,30.373919,9.430757,30.51488,0.382173,160.20235000000005,10.738294000000002,24.011383000000002,1.336318,19.071063,124.777,48.682572,127.663473,16.585275000000003,47.610023,27.705081,71.84433299999999,132.911069,72.634722,51.82628499999999,5.601788000000001,156.29179300000004,0.311156,50.062976,2071.632584,178.735588,0.442261,228.65670699999998,9.900000000000001e-05,249.376549,0.0,5.199304999999999,66.18780500000001,48.971651,830.4616970000001,30.393334,123.078628,14.596452
2013-08-01,2.335862,403.255429,127.991554,80.927436,2.9457799999999996,5.577015,20.874670000000005,0.465871,123.381859,7.156369,47.167777,1.628979,16.61705,89.36,23.152105,95.18999400000001,15.879223999999999,16.182588,62.821844,46.645703999999995,71.88460400000001,88.54214599999999,22.366691,4.303903,148.513211,0.48393400000000003,139.956715,1462.1465770000002,95.74893100000001,0.261538,157.290411,0.00011,144.93746000000002,0.0,3.994672,32.817977,25.209705999999997,630.3115999999999,49.33381299999999,119.205072,11.722828
2013-09-01,1.96119,296.223228,90.382078,55.783256,10.402447,6.329877000000001,12.534894999999999,0.411149,76.89914800000001,6.7403010000000005,40.541410000000006,1.437635,11.868432,38.779,27.714678999999997,106.319116,12.442095000000004,24.054337,12.630325000000001,39.51184,46.7449,78.141768,25.989454,2.954102,136.51147200000005,0.428741,79.18218500000002,1675.577153,75.044737,0.296844,74.34673000000001,0.000129,149.93574900000002,0.0,2.741853,21.096657000000004,24.137507999999997,654.196669,43.08783499999999,104.97534,6.7003189999999995
2013-10-01,4.303496,301.454323,40.738681,41.843441,1.3519729999999999,5.650486,13.187456000000001,0.296403,63.411314,6.499133,42.555896999999995,1.036413,10.682424999999999,33.812,18.016504,96.67759299999999,20.348899000000007,19.235982,22.917559,59.078441,47.846182,56.333578,18.672279000000003,3.00466,146.74777799999998,0.452926,26.219499,1870.6270549999997,102.861214,0.264983,51.098172999999996,8.7e-05,148.99625999999998,0.0,2.788778,14.200970999999997,18.187292,811.632431,45.38655800000001,74.671648,2.414556
2013-11-01,2.819261,313.46931,56.118556000000005,33.948937,1.2459050000000003,6.2250380000000005,11.564779,0.271539,55.15643,8.529513,31.365527,0.949472,10.112020000000001,37.846,32.142939,90.04828900000003,27.290766999999992,21.758023,13.614045,58.090832,42.651390000000006,51.60794799999999,25.628447,3.083725,166.49831100000006,0.47101299999999996,67.487022,2005.3605190000003,105.08444899999999,0.29192700000000005,87.313226,8.7e-05,130.717287,0.0,2.8621619999999997,15.451833,38.30895600000001,757.4177390000001,41.223572,69.14111,2.040248
2013-12-01,3.084104,770.9042900000001,58.850068,29.175139000000005,20.055314,6.954109000000002,24.241498000000004,0.261808,60.336757,7.027438,13.922521000000001,0.915447,21.661785,70.905,37.593227999999996,95.32816800000002,31.97326099999999,31.567383,48.081745000000005,59.161875,83.869638,49.758551,32.261818,3.129626,173.512253,0.066418,44.840307,2315.3170219999997,275.98933600000004,0.32611700000000005,109.63570999999999,5.9e-05,240.829372,0.0,2.904764,32.212782000000004,44.124982,850.7432999999999,13.205663,142.27320600000002,1.667284
2014-01-01,3.007192,706.8760730000001,59.070190000000004,24.169638999999997,50.72632899999999,9.921668,23.718605999999998,0.156929,54.87682500000001,8.565211000000001,25.545219,1.011714,33.615123,107.404,43.377776000000004,125.940092,25.558807000000005,29.065941999999996,52.518942,62.857538,105.36503799999998,48.979146,40.099815,2.2764830000000003,146.191558,0.172068,48.072559999999996,2342.0482339999994,266.351178,0.38417599999999996,199.44828900000002,0.162051,243.457793,0.0,3.05562,13.995636999999997,46.63929399999999,884.0153310000002,28.658060999999996,119.91793299999999,2.5385169999999997
2014-02-01,2.7140479999999996,695.8827150000001,33.96988,21.165705,47.66551100000001,7.316320000000001,15.519937,0.126219,58.966049999999996,8.07311,18.142276000000003,0.813727,25.389598000000003,78.986,27.873107999999995,108.73220300000001,19.952607999999994,25.426758,25.653732,58.065518000000004,59.38179800000001,39.394183000000005,24.893101,2.1907219999999996,136.79303299999998,0.127163,28.867397,1985.1617179999998,130.728518,0.283295,76.102498,0.140127,204.955005,0.0,2.940506,9.405616,26.420306999999998,898.5301459999998,21.49653499999999,116.21100200000001,2.366471
2014-03-01,2.455058,488.605853,70.994148,27.710522000000005,54.397113000000004,6.65424,12.468224999999999,0.160222,155.972826,12.567509,29.414139,1.0329380000000001,21.626481,105.238,29.988684,98.38993200000003,47.038547000000015,38.25886200000001,38.431343,82.553281,50.292539000000005,50.006629999999994,23.218710999999995,3.4947489999999997,155.273947,0.37669,49.713455,3597.539854,280.766807,0.25765899999999997,112.32195800000002,0.193458,147.56296799999998,0.0,4.690840000000001,8.758610000000001,24.476974,2007.9862020000003,41.145923999999994,129.864279,4.023123
2014-04-01,2.631535,463.06646100000006,79.642461,41.252007000000006,51.688165,12.072567000000001,19.185160999999997,0.228775,159.44837500000003,11.432148,15.822843,1.474892,16.707421,110.43,44.979826,126.29137999999999,101.85491299999997,61.200703000000004,56.023799,107.37729700000001,49.61934899999999,71.402534,59.391535999999995,4.4768859999999995,153.42345,0.467511,47.277006,2781.730312,417.66932700000007,0.467462,111.17555699999997,0.28083800000000003,99.149933,0.0,6.009117999999999,11.915813,53.877289,1474.955838,36.261742999999996,96.82372899999999,8.181231
2014-05-01,2.3009139999999997,267.83016000000003,53.73137199999999,61.82326399999999,51.88471400000001,13.516143000000001,11.837217,0.204151,111.35018799999999,13.962629000000002,22.407653,1.316144,21.524731,133.519,53.333062,152.46023800000003,88.51159199999998,64.17887400000001,17.579436,100.444191,42.871354,63.717237000000004,59.201379,4.0727780000000005,157.639174,0.355788,33.099034,3002.567288,360.289804,0.523359,61.983653999999994,0.22803700000000002,88.73248,0.0,5.466702,11.437175000000002,61.175797,2039.9697589999998,37.466145999999995,108.11769,12.231804000000002
2014-06-01,2.1366980000000004,277.28456800000004,99.42511999999999,66.02083000000002,42.691913,8.815612000000002,9.637270000000001,0.20636600000000002,124.100573,12.537114,31.583441999999998,1.330422,20.24476,117.015,34.557694000000005,128.268279,26.225968999999996,58.50470100000002,31.651271,90.51638700000001,43.04602,64.40845,27.827249,4.03833,153.07583900000003,0.520169,120.62397999999999,2725.3527339999996,205.535416,0.341349,47.732428999999996,0.1995,81.47440899999998,0.0,5.420463,7.538816999999999,36.89186100000001,1720.7564899999998,47.118418000000005,53.865275000000004,17.189034
2014-07-01,2.0206039999999996,200.484594,85.515937,68.84770799999998,37.78409299999999,8.570735999999998,12.032427,0.237843,165.26905899999997,11.797097,42.463259,1.533352,17.301277,111.917,40.55320699999999,123.80474300000003,30.976191000000014,44.399398999999995,28.33871,101.18710399999999,37.549175999999996,74.232735,29.699878000000002,4.354457999999999,159.25681199999997,0.6380159999999999,72.242669,2170.293081,116.348905,0.331868,49.64993499999999,0.271566,87.92879299999998,0.0,5.844789,6.461822,25.996732,1092.6801359999997,58.721971999999994,31.063661,21.163739
2014-08-01,2.5123539999999998,203.10894,45.401902,56.776353999999984,14.582517,7.856743000000001,12.006964,0.25068,110.24405800000001,9.196975,26.747843,1.616115,20.236094,62.724,29.579552000000003,123.23197499999999,18.139915999999996,25.300092999999997,32.54644,66.441712,46.650971000000006,78.239435,25.000118999999998,3.000901,158.19911900000002,0.632885,48.701178999999996,1481.825399,109.68093200000003,0.304221,61.013979000000006,0.301175,147.128028,0.0,4.027971,7.183771000000001,21.409945000000004,712.1604040000001,46.060834,54.258952,14.586416999999999
2014-09-01,3.8851140000000006,206.42555,32.778634,37.98809800000001,37.447209,4.913554,9.81966,0.273793,71.25976799999998,9.426385,37.382048,1.765124,18.364948000000002,63.811,10.889181,87.96873399999998,21.44806,27.281184,25.678504,55.651509,39.789197,85.453271,6.6874899999999995,2.491082,142.10302499999997,0.608885,31.470550000000003,1559.975856,54.275588,0.190258,44.795609000000006,0.374421,117.441022,0.0,3.343664,6.104281000000001,8.423952000000002,630.022227,52.804109000000004,58.630181,10.158477000000001
2014-10-01,2.8290480000000002,372.561794,48.382011000000006,32.84554099999999,7.913859,6.163426,10.500638,0.28351499999999996,54.40448299999999,9.188195,41.570665999999996,1.827799,21.682727,71.926,26.262938000000002,94.25586200000001,30.520516000000004,25.283069000000005,16.468087999999998,69.288278,46.293126,88.48751499999999,22.237128000000002,2.046078,149.528271,0.369975,76.373182,1659.6069409999998,82.46752000000001,0.238654,39.440895000000005,0.39104300000000003,178.351914,0.0,2.7463559999999996,5.601462,27.159685000000003,673.1158230000001,47.256699999999995,76.767421,5.511576
2014-11-01,2.913064,397.803608,31.108904000000003,26.551859,0.880726,6.714005,9.412962000000002,0.228912,52.901596000000005,7.079124000000001,44.103771,1.475774,26.175096,56.458,32.102462,96.912291,39.646349,22.748839000000004,22.212332,73.11051499999999,36.704344999999996,71.44526300000001,25.530916,2.39702,158.58339600000002,0.36593200000000004,28.958394000000006,2158.916765,70.976309,0.259973,41.082388,0.315185,194.44478700000002,0.0,3.2174099999999997,4.1893959999999995,27.678273,933.2621639999999,48.236607000000014,107.23330300000002,2.046652
2014-12-01,3.324371,523.998684,41.857441,35.239473000000004,21.638851,9.857325999999999,11.853933000000001,0.15759499999999999,72.77235900000001,6.358503000000001,35.969841,1.015999,29.019744,70.61,49.672509999999996,123.41550099999998,57.26053199999998,25.558756,28.458402999999997,84.87667,41.606086999999995,49.186601,45.685678,2.8635129999999998,167.11961599999998,0.230918,36.166594,2812.529818,247.52869600000002,0.38168599999999997,53.179809,0.185859,186.93886799999999,0.0,3.8435610000000002,7.641809999999999,47.195891,1217.5271200000004,37.991951,122.092574,2.636959
2015-01-01,3.9800370000000003,640.2902260000001,55.04782800000001,35.097027000000004,43.940400000000004,6.669659,17.488618,0.55351,99.37890599999997,7.28007,32.552091,1.35996,28.726829000000002,83.588,40.149894999999994,131.51735299999999,32.204583,19.098879000000007,26.142404,87.296795,60.054174999999994,73.281829,33.731868000000006,4.3440460000000005,123.18452300000001,0.19641399999999998,27.811559000000003,3273.7622399999996,159.53867799999998,0.304996,68.832413,0.24351,207.31563600000004,0.101795,5.101178,34.909211000000006,31.276849000000002,1371.9799410000003,33.13333399999999,114.278622,2.7291930000000004
2015-02-01,3.346284,426.15097900000006,46.315807,31.735077999999998,28.297678,5.2945139999999995,14.889133,0.5287419999999999,142.243366,4.980558,28.268213,1.299112,23.22211,56.94,23.677842,112.46529900000002,18.734267,13.986923000000003,18.454331999999997,86.76069100000001,36.954251,70.002952,21.574575,4.147787999999999,102.96712100000003,0.34590899999999997,26.400045,3287.8905799999998,67.43599100000002,0.242112,45.18664199999999,0.210427,147.277879,0.006301,4.870715000000001,26.667273,20.718453999999998,1621.69349,35.738412,100.17292199999999,2.333947
2015-03-01,2.76615,629.5352479999999,103.69612199999999,29.903510999999995,24.666219,5.11986,13.835077000000002,0.621038,112.38573299999999,8.586831000000002,10.134083,1.525881,27.344019,87.059,24.836800000000004,110.45465900000002,58.09222099999999,28.409095999999998,51.836665,91.07399799999999,38.871373000000006,82.22245699999999,20.527039999999996,4.617225,117.08860199999997,0.06781999999999999,60.260871,3319.272742,299.60535200000004,0.234125,60.814732000000014,0.27693,233.380002,0.0634,5.421970999999999,35.61560199999999,21.918830000000003,1468.696532,14.413209,167.927412,3.9226509999999997
2015-04-01,3.349876,604.043394,105.40167100000001,32.655034,6.559482,8.261133,16.361266999999998,0.704032,151.33014300000005,8.825859999999999,9.126404,1.729794,30.061287,93.291,48.03337,115.62142100000003,79.79683600000001,35.617439999999995,67.96789199999999,95.682365,56.781996,93.2104,57.15753900000001,5.313673,127.63882899999997,0.099621,91.81734900000001,2098.4952330000006,434.44880700000004,0.377772,74.52547899999999,0.307895,171.66250900000003,0.10766500000000001,6.239804,44.73780099999999,53.852089000000014,967.1205559999997,15.770071999999999,150.840957,11.44366
2015-05-01,3.2519979999999995,200.75378700000002,48.353094999999996,41.68728100000001,28.237950000000005,6.282547000000001,12.038781,0.724191,117.99156299999999,11.54074,42.719779,1.779326,16.424338,88.088,30.055061000000002,109.97239800000001,0.13074499999999997,45.10347399999999,60.743286,96.95213199999999,32.540379,95.879445,33.96337199999999,5.311046,127.66866600000003,0.44399900000000003,97.25266400000001,1883.675319,159.66922799999998,0.287294,48.580093999999995,0.285939,56.337927,0.101052,6.236721,26.888799999999993,44.58092499999999,1150.8478280000002,51.363358999999996,97.05152900000002,13.972138
2015-06-01,2.816522,176.21734,47.409282,52.675830000000005,50.757623,8.425698,13.619162000000001,0.783616,128.92588299999997,12.879188999999998,33.626481,1.925332,14.614406,102.77,45.281105000000004,126.30870500000003,63.430049999999994,57.574656000000004,93.98363,95.39626999999999,32.464921999999994,103.746975,49.927451,5.415387000000001,133.75507600000003,0.317441,149.11707299999998,1484.3336410000004,217.69474199999996,0.38529800000000003,39.172633999999995,0.263654,85.33453999999999,0.123688,6.359246,21.38068,58.32270899999999,821.3866909999999,42.118289,81.452291,14.42934
2015-07-01,2.4808649999999997,329.647667,77.381477,65.56572100000002,31.504048,5.486495999999999,14.34486,0.845997,151.301552,13.050673000000002,22.683201,2.078601,26.980355,117.447,32.864957,97.195249,24.233773999999997,46.65536399999999,122.344436,60.085822,33.678958,112.005924,28.48068,4.937354999999999,150.707211,0.345981,144.778267,1263.240369,308.1880020000001,0.250891,38.428326999999996,0.284687,173.851874,0.036796999999999996,5.797897000000001,29.015331999999997,44.66077700000001,638.994874,35.590908,147.98974900000002,16.557029999999997
2015-08-01,2.900132,234.330248,108.841821,58.82627099999999,20.623425,4.174155000000001,13.834611,0.7411040000000001,107.69499499999999,10.929423000000002,39.016261,1.8208810000000002,23.102747,109.422,16.306956999999997,89.06864499999999,21.468054,29.226673999999996,97.69244599999999,46.187907,30.283878,98.118627,14.143306,3.945122,137.91954100000004,0.457891,101.08217599999999,1299.1886989999998,76.359148,0.190879,38.391408,0.306563,121.118334,0.034226,4.632726000000001,21.597678,18.000252,617.543448,49.891508,47.232205,15.377278
2015-09-01,3.540294,170.72654999999997,54.703432,49.612595000000006,22.398757,3.118323,12.457908,0.61388,85.143906,8.094534,32.921114,1.508294,15.067795,56.778,9.873205,69.654302,24.531215999999997,61.727180000000004,42.860079,46.648803,29.061105,81.274788,7.868384,3.4919350000000002,126.08102799999993,0.250738,31.113682,1624.274496,41.44939299999999,0.142597,32.079083,0.29861,95.654432,0.03726,4.1005519999999995,20.018584999999998,10.461540999999999,628.0753920000001,35.85498800000001,37.423181,11.11967
2015-10-01,3.570574,325.637151,24.592965,37.07699099999999,25.230289,4.565188,13.238719999999999,0.508923,57.238432000000024,5.20678,44.891748,1.250416,18.115237,42.435,18.557234,86.98626900000001,23.277600999999997,49.452574999999996,25.352040000000002,50.299956,58.207617000000006,67.37896,23.065699000000002,2.869402,132.459413,0.440504,12.232999,1618.290517,88.324957,0.208761,86.63031,0.261348,141.052479,0.01834,3.3695160000000004,45.92449,21.628864999999998,600.1870589999999,50.56319900000001,84.363184,4.052871
2015-11-01,4.459772,528.2842609999999,39.323662,21.329909999999984,1.550864,4.630812999999999,24.525239000000003,0.482342,59.75546899999999,9.432317999999999,52.354161999999995,1.185107,20.789355,45.032,29.216387,82.23906699999999,41.326187,56.090591999999994,34.39412600000001,57.215908999999996,98.37648100000001,63.8598,26.212840000000003,3.039644,140.81821800000003,0.70389,54.69284,2093.760302,153.869948,0.211762,173.36661,0.226948,158.26977499999998,0.050675,3.569429999999999,17.814451000000002,28.97342799999999,789.904566,69.06761700000001,122.146987,3.647922
2015-12-01,4.633496,757.3001489999999,52.045837999999996,32.602751,38.600265,6.812174,24.722624,0.610625,73.133052,11.747864,32.942463000000004,1.500296,29.326522,116.186,45.422187,108.136793,72.650466,70.792917,114.330664,63.945352,109.58486500000001,80.843843,41.650245999999996,3.952377,143.554772,0.480792,140.141475,2320.906862,210.20375399999998,0.311513,154.42426799999998,0.18448900000000001,251.43361299999998,0.064801,4.6412439999999995,60.89809700000001,48.35528099999999,968.2266230000002,48.73210499999999,121.304961,3.8943000000000003
2016-01-01,3.62672,872.346262,72.886701,43.57481700000001,57.032422999999994,6.158422,26.442426000000005,1.137652,75.63422799999998,12.554157,39.225002,3.900044,53.832114000000004,118.823,41.374644,116.78248899999998,46.797211,41.858219,151.214861,61.786558,126.14405899999998,90.13314499999998,39.837876,2.986654,149.05064100000004,0.40392700000000004,153.00972700000003,2573.0200549999995,285.91323399999993,0.232722,204.78359600000002,0.23699,247.79968399999998,0.233715,4.868839,48.732114,49.95396000000001,1091.2421449999997,52.89973599999999,119.39241899999999,2.305659
2016-02-01,2.991563,817.934839,82.315953,56.611692999999995,52.150096000000005,6.355828000000001,16.061907,0.716208,69.718367,10.435053,18.702366,2.455273,57.354697,113.159,40.492818,109.061955,67.58002099999999,27.338913,54.446092,61.92874,92.57590600000002,58.946524,43.79460799999999,2.763804,137.845469,0.12889699999999998,56.523347,2765.031159,361.538361,0.240179,91.933963,0.156378,243.249295,0.224335,4.505553,43.40364400000001,51.944381,1251.6843029999998,24.700901000000005,133.168599,1.7369409999999998
2016-03-01,3.8210159999999997,592.042968,113.283955,96.09564599999997,55.573764999999995,7.577005000000001,13.361892,0.6788500000000001,117.28217599999998,13.176148,28.243536,2.327202,64.47647,95.124,55.178403,118.269936,95.290755,63.94721,79.64099300000001,73.879839,62.156893,59.069268,57.2655,3.739484,150.07901399999997,0.25274,87.056703,3480.3242170000003,279.97265500000003,0.286326,77.13076999999998,0.158645,136.764849,0.254299,6.096106000000001,35.06879500000001,70.094124,1824.476773,39.378422,128.151665,2.1538739999999996
2016-04-01,2.399903,288.040451,89.434418,97.74515099999999,28.657579,7.48718,9.639866,0.630506,173.55140600000001,10.298872000000001,37.34376,2.161471,91.20947699999999,107.94,51.639797,119.69058499999996,77.53248500000001,47.47017499999999,28.603347999999997,86.61222000000001,27.729224000000002,62.776239000000004,55.120959,4.514161,148.443929,0.400726,73.395552,3098.1522619999996,202.05070099999998,0.282932,50.134208000000015,0.17314500000000002,55.883437,0.463149,7.358983,28.461074000000007,65.89834400000001,1695.6266670000002,51.717957999999996,93.459607,4.899455
2016-05-01,1.59125,126.601487,73.24409899999999,113.09245099999998,35.684914000000006,5.38347,8.100662999999999,0.6010209999999999,147.46092199999998,10.007543,28.478177,2.0603939999999996,70.090643,90.303,30.477766000000003,103.46616400000002,41.370146,38.04184299999999,39.319564,102.73685400000001,37.020258,42.00969800000001,37.640825,5.095279000000001,145.74013900000003,0.264355,128.757746,2591.3311519999997,237.334845,0.203435,58.562905,0.106921,35.589933,0.6513329999999999,8.30632,41.81381799999998,26.386129,1659.7789459999997,37.32797899999999,167.465585,13.655508
2016-06-01,1.842973,118.204358,111.41797599999998,116.50812800000001,51.364107,3.2453300000000005,7.630447000000001,0.781914,120.944519,10.501135999999999,41.800896,2.680523,64.499893,82.994,12.759094999999999,74.55810000000001,17.943728000000004,39.390544999999996,38.984891000000005,94.76986899999999,28.477932000000003,68.472987,15.495968000000001,4.547308,131.01718799999998,0.38637299999999997,126.35671099999999,1929.701917,107.201004,0.122637,35.81583,0.184151,56.893558,0.728666,7.413017,24.178534999999997,28.253833,1087.128309,51.776673,108.63123900000001,16.021783999999997
2016-07-01,2.389384,117.86019099999999,107.65201,119.31976299999998,44.09576,3.428746,6.590911999999999,0.9460660000000001,135.804058,10.793298,46.067671000000004,3.243262,127.78889699999999,97.144,10.138941999999998,82.84614700000002,13.586989,57.240880999999995,49.225553,69.91189800000001,30.931941000000002,89.23394400000001,11.994151,4.215571,127.65167699999999,0.383621,101.94513299999998,1493.71721,46.184234000000004,0.12956800000000002,36.52235400000001,0.24362899999999998,69.59515400000001,0.145804,6.872222,26.798662,20.251796000000002,733.8676680000001,54.17261599999999,109.644933,13.982183000000001
2016-08-01,3.464909,188.934949,85.12354699999999,100.32922,26.572988,2.9222410000000005,8.092599,0.928957,115.30367399999999,8.181901,46.662356,3.184607,125.62075200000001,93.97,9.262449,67.63866499999999,16.492484,55.286789999999996,48.112077,48.712846,35.202929,91.66001200000001,9.470327,3.398926,125.683065,0.445213,73.848005,1242.0319329999993,70.53681099999999,0.110428,32.646014,0.252393,109.58412000000001,0.20894200000000002,5.540926,25.575647999999997,15.844646000000001,619.4157100000001,57.19784699999999,82.632843,10.862262999999999
2016-09-01,4.5353699999999995,120.96206300000001,84.11031000000001,79.47819299999999,43.846622999999994,2.62584,6.57669,0.7142000000000001,69.80750900000001,6.482942,26.191585,2.448388,67.61891899999999,93.77,2.385712,67.831841,16.15718,59.12964000000001,20.982934999999998,47.58357900000001,24.329058999999997,70.051868,6.2617579999999995,2.787132,115.00164899999996,0.265995,94.685383,1547.215464,36.527496,0.09922700000000001,30.787919,0.19268100000000002,68.19277299999999,0.200417,4.543578999999999,20.755442000000006,5.6641070000000004,652.2557810000002,33.973053,41.903482000000004,6.6907700000000006
2016-10-01,4.520296999999999,113.302706,85.11703399999999,57.95987200000002,28.302602,2.6924140000000003,6.844889,0.5695309999999999,58.58903500000001,9.476867,38.492711,1.952441,107.829101,90.337,11.184605,63.144689999999976,29.72636,66.55115100000002,11.83059,61.40200299999999,30.744056000000004,55.07896399999999,9.106302,2.493263,122.35342700000002,0.392524,76.266748,1944.625961,95.022132,0.101743,33.454401,0.15109899999999998,63.664337,0.065881,4.0645169999999995,35.51066099999999,2.327918,849.1680130000001,50.128189000000006,85.63358,2.618343
2016-11-01,3.771266,110.92676399999999,26.792647000000002,54.841874,0.677234,3.4408849999999997,6.512747999999999,0.570678,59.402564,9.593350000000001,45.185022,1.956372,106.742349,56.444,25.101589,71.49030400000002,20.964261999999998,45.49804100000001,19.081118,84.88947999999999,16.396501999999998,59.295286,17.815544999999997,3.340287,135.57063699999998,0.454247,23.526591,2350.8702559999992,98.580836,0.13002699999999998,24.094752,0.164786,46.967297,0.15257099999999998,5.445335000000001,9.028827,9.410943999999997,972.376508,57.451517,70.249922,1.761467
2016-12-01,4.161349,246.023962,28.448349999999998,80.00619200000001,32.766909,4.995539,7.353961,0.632417,65.85854200000001,9.540733,29.871917999999997,2.1680230000000003,132.447688,63.015,37.68718,87.04877400000001,36.273379,61.22621199999999,23.716977999999997,80.42511400000001,17.849241000000003,62.817065,33.531181,3.6091309999999996,144.22816500000002,0.316382,19.203354000000004,2674.8461540000003,216.408691,0.188776,26.719288000000002,0.17318199999999997,102.382563,0.07388800000000001,5.883603000000001,16.85578,36.54281799999999,976.7221770000001,40.80710900000001,143.12212599999998,1.869753
2017-01-01,7.378669,503.66117,44.554824999999994,115.47446699999998,51.167398000000006,5.146607,13.997506,0.650566,124.63300900000003,9.267957999999998,30.282809999999998,3.41,82.07097900000001,57.830478,51.639208999999994,81.91899800000002,46.88304999999998,44.82838999999999,38.963083,71.14528700000001,41.417863999999994,71.603302,28.926371999999997,6.933654000000001,172.35380800000001,0.503889,51.790946,2937.5414750000004,187.50390899999996,0.155,75.72735200000002,0.129742,147.659807,0.722229,5.581208,28.688801,36.738584,1074.718881,57.90522300000001,131.519966,6.5902330000000005
2017-02-01,3.3854779999999995,335.034343,15.853800000000001,108.29388000000002,45.264810999999995,5.557285,11.270693999999999,0.794837,107.79222200000001,9.951083999999998,25.560908000000005,2.073,72.34876,35.013188,40.117782999999996,93.749195,50.898306000000005,45.916846,35.893549,61.53192200000001,27.941496,65.96235399999999,28.721983999999996,7.924173999999999,160.75454399999992,0.425319,31.35658,2863.6571350000004,280.42053599999997,0.132,35.279365,0.119519,106.98326199999998,0.678909,4.827057,19.049442,31.684189000000007,1301.040811,40.286275,110.83498900000001,5.699744000000001
2017-03-01,3.023212,449.728435,31.599665,136.14306000000002,42.826102999999996,8.326506000000002,11.608506,1.0520699999999998,144.02149000000003,11.381581,29.235208,1.805,104.52563999999998,45.382311,46.392948000000004,127.43209000000003,47.32014199999998,47.228326,36.734435000000005,82.01546299999998,15.027966999999999,67.507671,35.551867,6.933652,183.0756719999999,0.486458,40.642803,3408.583649,402.04469700000004,0.216,33.382625,0.122319,147.26309899999998,0.65476,6.433949999999999,18.561940999999997,28.304606999999997,2293.685065,48.96907800000001,118.335078,7.597145999999999
2017-04-01,5.109488,411.432494,106.62863300000001,133.30371499999998,49.707589,15.353173,10.187753,1.004434,141.344318,6.503502999999999,24.205191,1.84,76.00917299999999,98.045626,58.20462,144.708304,44.423670999999985,47.207556,40.51843,79.98146799999998,39.884007000000004,74.461599,49.64557699999999,10.895740000000002,171.0495899999999,0.40276100000000004,87.806217,3121.5524840000003,333.074224,0.364,111.81282599999999,0.134919,125.044947,0.526547,6.274388000000001,23.687476000000004,46.645810000000004,1985.2057809999997,46.80279399999999,144.272865,7.408737
2017-05-01,5.530755999999999,572.490281,45.739866,150.91657699999993,50.240356999999996,13.729318,11.341073,1.082012,142.982307,7.118688,23.618484,2.527,82.904807,54.507487999999995,63.232551,158.18603699999997,40.305184000000004,59.948693,75.850407,80.881673,86.93354699999999,139.391942,51.981948,18.819913,181.50029,0.392998,48.814989000000004,3203.0429150000004,385.22669899999994,0.394,123.714871,0.252569,162.71638000000002,0.606214,6.345007,32.212585000000004,52.180291000000004,1983.4430469999998,43.917505000000006,148.08296399999998,7.492122999999999
2017-06-01,3.2674760000000003,385.167212,102.76272900000001,136.77851999999996,59.192319000000005,6.996525999999999,11.444702999999999,0.984019,149.82296000000002,8.750914999999999,24.088364000000002,3.206,99.02551000000001,100.62921,40.617694,110.18452600000003,39.00680800000002,51.122755000000005,43.682049,84.92301,67.335724,80.27544999999999,39.69319300000001,16.838869,183.26484800000003,0.40081700000000003,90.11998,3090.035032999999,225.31654999999995,0.294,54.199346,0.145454,130.812328,0.6931,6.6620420000000005,32.622026999999996,59.881404,1926.7113020000002,42.022777000000005,119.085848,7.8664760000000005
2017-07-01,2.737648,361.257424,128.375641,132.91195100000007,46.917381999999996,5.093863,11.847413000000001,0.994907,160.093608,9.261408,24.799602,3.832,127.3677,123.82925,21.810449000000002,104.801396,42.988617000000005,44.37728,51.520531999999996,90.914899,36.794509,94.680401,33.10543799999999,9.905217,190.250164,0.412651,110.89712399999998,1800.18299,193.85242399999998,0.261,41.728282,0.171555,139.708617,0.80314,7.132093,37.057034,48.65157699999999,1038.3842359999999,41.702619,102.537373,8.421508
2017-08-01,4.0521899999999995,336.825898,106.703315,118.62165799999998,11.012298999999999,3.7262049999999998,11.355288,0.822057,143.53040600000006,9.961581999999998,25.577598000000002,2.52,118.94928300000001,100.33344,16.008278,69.42520599999999,43.772544,43.40048699999999,37.551801999999995,81.566165,36.925547,69.009763,20.659453,8.914695,182.77566700000006,0.425597,89.855105,1228.685985,141.22658599999997,0.113,11.143347000000004,0.12504099999999999,130.35662699999997,0.6074579999999999,6.3987039999999995,33.674184999999994,26.166449000000004,631.1244620000002,43.19983399999999,83.81431899999998,7.555528999999999
2017-09-01,3.4905,273.52106699999996,78.03959599999999,86.493414,7.308447,2.3736189999999997,10.006713,0.474996,113.91977400000003,7.584686,22.984276,1.361,103.941339,87.19806200000001,13.141569,53.47617399999999,44.43467099999999,38.500215000000004,28.604877000000002,64.615904,32.739247000000006,52.567804,15.332647000000001,3.962087,167.45916700000004,0.382446,78.09152,1801.167619,49.98062300000001,0.006,8.535331,0.095249,109.482141,0.866375,5.068988999999999,30.016032999999997,20.287016,829.019714,41.216017,59.357085,5.985414
2017-10-01,8.837172,353.897469,76.493269,61.589186999999995,2.7543159999999998,2.592143,9.905318,0.733591,109.80674000000002,7.64658,24.357965,2.703,107.82830799999999,79.873564,19.004989000000002,59.608656999999994,42.99405600000001,53.14078599999999,41.541607000000006,62.234916999999996,39.996975,76.341915,14.735187999999999,8.914695,166.69287500000007,0.405303,71.531955,1582.9879279999998,79.71839899999999,0.0,46.470133,0.138326,128.50208299999997,0.7127680000000001,4.882206,22.354371000000004,12.036122,749.0024739999999,45.507886000000006,60.27027699999999,5.764862999999999
2017-11-01,6.694256000000001,465.41893200000004,57.573046000000005,53.522883000000014,1.364751,6.009402,9.438929,0.6056549999999999,119.82565399999997,9.958382000000002,26.706078,1.223,122.71094599999999,63.023739,35.479763,128.75926699999997,45.308522999999994,51.181582000000006,35.655395000000006,67.95466900000001,32.4477,65.524694,35.577026,6.933652,186.870408,0.44437400000000005,56.441843999999996,1991.1577850000003,255.91749500000003,0.22,57.376386000000004,0.118726,159.57407900000004,0.6214,5.33091,13.181496000000003,38.711391,908.8514540000001,46.670789000000006,91.94164899999998,6.294687
2017-12-01,6.700155,386.43127499999997,50.707615000000004,55.62068800000001,13.674228,4.291353,9.959104,0.500856,120.39351200000002,8.072633000000002,24.663515999999994,2.718,119.01855499999999,60.570641,19.800147000000003,98.62315,44.302428000000006,49.73547399999999,39.515834,68.61162300000001,30.454417,72.619106,27.706307000000002,6.933652,189.44796699999995,0.410387,54.24493700000001,2580.6940219999997,123.82386400000003,0.217,44.43113600000001,0.13158099999999998,140.94563,0.6931,5.382446,17.798129,34.15756,1197.9547730000004,45.54164299999999,62.476587,6.3555399999999995
