,AK,AL,AR,AZ,CA,CO,CT,FL,GA,HI,IA,ID,IL,KY,MA,MD,ME,MI,MN,MO,MT,NC,ND,NE,NH,NJ,NM,NV,NY,OH,OK,OR,PA,SC,SD,TN,TX,UT,VA,VT,WA,WI,WV,WY
2006-01-01,104.688072,467.956312,63.508078999999995,572.1580900000001,4350.681426,101.14712800000002,38.915107,19.545938000000003,240.594406,12.107835000000001,87.469305,684.507691,3.0313100000000004,213.028524,100.144448,328.86661300000003,263.370584,95.85318900000003,27.565951000000002,2.7885500000000003,587.1580569999999,486.10196199999996,137.379,18.769853,138.71641900000003,3.738892,10.134904,96.59371199999998,2229.5747149999993,43.39181,13.225239000000002,1016.7518800000003,46.55350400000001,189.818328,204.737,649.648113,52.73041800000001,58.647988,91.415811,96.085566,6114.958160999999,126.70746200000002,21.849,24.029
2006-02-01,92.17106799999999,402.231152,72.846476,557.356769,3667.544504999999,86.836597,35.205546999999996,17.624658,218.750043,9.370773000000002,71.052428,836.0681889999996,2.733346,230.676373,90.36794500000003,219.21881299999998,252.02640900000003,86.35013799999997,24.703512999999997,12.223408,672.7348009999998,321.82446100000004,106.325,16.924861,101.88648599999999,3.320477,8.891753000000001,121.58475900000002,2099.094999,44.26686,12.349002,838.4504110000001,41.977498999999995,109.678161,191.946,567.69264,47.424929999999996,52.947991,76.07948400000001,86.640778,5425.273937999999,112.54930199999997,24.529,20.428
2006-03-01,102.098403,319.83451700000006,72.250061,523.645225,4684.497379000001,100.36585,31.084839999999996,15.527573,222.82983399999998,13.691655,94.98577100000001,816.7826630000002,2.408116,158.17958000000002,79.73441600000001,137.329385,232.68273799999997,76.00718499999998,22.385689,8.639671,624.2208569999999,187.09586099999999,111.224,14.911041,86.02581899999998,2.8823980000000002,9.556754000000002,190.963404,2278.5232320000005,55.698445,12.779988999999999,857.4160619999997,36.98277100000001,109.27243000000001,288.581,349.940695,45.049476,57.38567400000001,65.077681,76.331749,4866.831257000001,98.21886699999999,23.668,27.903
2006-04-01,99.767904,289.160427,67.55779,613.513612,5228.347284999997,120.54225200000002,33.856761,16.901253,172.689233,12.471855,82.916186,1186.1873089999995,2.621155,224.728141,85.87945400000001,149.47650399999998,202.99420999999998,82.63565499999999,22.179147999999998,2.301779,907.1635130000001,157.25581999999997,102.504,16.230179,111.98232599999999,3.077359,11.537423,199.552502,1977.5327659999994,47.87891200000001,21.674219,948.5060930000002,40.254531,76.08562600000002,216.411,383.168227,54.391819000000005,62.36423399999998,68.610082,83.08460699999999,6581.589978999999,104.35901500000003,25.583,97.758
2006-05-01,99.13246199999999,302.370688,118.111877,621.6524469999999,5671.374980999996,114.22006200000001,41.79740199999999,19.982905000000002,223.80266899999998,13.037915,91.907613,1219.5693020000003,3.0990780000000004,160.71954,101.18521999999999,128.969459,239.496578,97.62475099999999,25.672044999999997,46.358254,1175.5774300000003,186.005678,120.753,19.18947,121.83658199999998,3.347413,12.450417999999999,234.059925,2057.613947,65.301796,103.798203,981.872059,47.59425,71.93153300000002,292.923,378.383401,72.849636,99.22967299999999,82.44143399999999,98.23364699999999,6977.397784,121.48451500000002,24.712,137.187
2006-06-01,102.11206200000002,210.290222,96.624485,705.588524,5102.983666000001,147.465057,40.399505000000005,19.634505,207.334587,9.174756,94.236233,1171.651491,3.045046,159.430999,100.143144,156.440487,251.06721699999997,95.92183499999999,24.88762299999999,11.285422,1308.8800430000001,194.11324399999998,157.642,18.854906000000003,135.855048,3.2890509999999997,12.859512,227.078123,1891.9580569999998,59.423502,36.632512000000006,851.5386950000002,46.764451,79.000648,381.329,381.168707,77.83289399999998,65.59969500000001,75.565585,96.52095900000002,7912.948403,119.13754100000003,19.902,110.001
2006-07-01,96.075017,214.889268,114.69649499999998,682.610061,4504.227604999997,161.94013899999993,42.298469,20.589464,217.85323799999998,9.285525,57.82635499999999,1065.2178069999998,3.1931469999999997,173.249761,104.219353,179.64138200000002,235.92784100000006,100.63982900000002,25.512173999999995,15.59886,976.678828,285.418125,169.105,19.771946,87.13899100000002,3.44902,10.507837,206.585694,2123.594040000001,62.622287,21.892343,629.989768,49.03892200000001,83.512792,458.965,446.597737,73.518907,50.033351,109.68983200000001,101.215423,6220.513574999999,125.50106799999996,24.581,152.546
2006-08-01,99.381616,250.78394300000002,122.695523,627.853176,3734.6589349999995,150.14824100000004,41.522141000000005,20.440681,217.421462,8.354928,56.25107799999999,880.8412900000002,3.1700730000000004,196.157366,102.71317400000001,73.318155,227.31210299999998,99.835786,25.31439,2.2712760000000003,719.869248,252.42127600000003,175.454,19.629071,85.96413000000001,3.424097,8.615954000000002,165.29358899999997,2064.3707430000004,57.293783000000005,27.905212,530.7284709999999,48.684557,88.550776,506.14,575.176008,77.87448899999998,43.00276099999999,88.574474,100.484023,4969.146075999999,123.02087600000004,15.763,104.109
2006-09-01,94.13657200000002,220.758225,62.521764,458.549977,2693.0488809999997,111.57896200000003,27.235350000000004,13.268421,170.617037,7.47079,57.136098,559.8958069999996,2.057752,187.632322,66.82759599999999,150.678549,178.436485,64.97667899999999,17.356731,1.9068710000000002,532.7346959999999,233.878815,135.059,12.74159,41.70289100000001,2.2226440000000003,6.316345,121.240749,1828.1002310000003,56.832375000000006,11.364154000000001,506.4511949999999,31.602039000000005,73.592648,312.589,506.571369,44.63283199999999,36.831107,51.026758,65.22601700000001,3447.486807,84.07641400000001,25.244,31.563
2006-10-01,107.85944600000002,235.522462,61.479955,440.84113299999996,2234.937248,80.01793299999996,25.332697000000007,11.697052,180.68823999999998,9.091332,56.234685,411.6147149999999,1.814054,170.863061,59.794512000000005,156.905855,169.51536499999997,57.485141,16.00655,1.7817290000000001,463.653228,312.026387,93.434,11.232612000000001,90.826184,1.9594179999999999,5.973647,134.624982,2011.5140099999994,41.677898,13.903481,501.2450930000001,27.859433000000003,66.42696599999998,149.173,581.8270640000001,34.188477999999996,36.333255,70.550894,57.501352000000004,3773.9264949999992,78.993681,23.548,16.482
2006-11-01,104.55609600000003,396.41665299999994,80.435933,500.083431,2244.821517,58.51969,31.387127999999997,13.701112,193.07959800000003,8.082501,58.399168,418.16115900000017,2.124857,258.288349,70.326463,262.690014,205.73890199999997,67.41053500000001,18.882474,1.7320980000000001,533.552467,419.832739,97.353,13.157101,101.75222199999997,2.295126,6.931388,178.674519,2248.2203389999986,38.789196000000004,17.658641,526.3231450000002,32.632601,84.21891799999997,164.753,853.186417,36.806472,38.518198000000005,103.445856,67.353081,4795.093241999999,93.80361599999998,20.432,19.538
2006-12-01,102.24628700000002,279.126129,135.73256300000003,489.051552,2388.1246539999997,111.87708799999999,35.398058,14.508438000000002,191.901657,7.947333,83.999079,501.6685849999997,2.250063,218.89498200000003,74.28783199999998,160.739785,223.358154,71.153284,19.194180999999997,2.0070810000000003,773.766833,339.443641,114.802,13.932370000000002,94.59583200000002,2.430364,7.519063,181.374044,2015.3361509999995,55.384136,14.490007000000002,686.383378,34.555447,92.130175,229.286,532.636623,38.93364700000001,49.546076,111.71010900000002,71.32180299999999,5354.329811,94.645229,27.53,21.108
2007-01-01,119.473527,514.7627590000001,299.43127899999996,457.745081,1915.0659620000004,130.191933,28.039006999999994,26.878521,252.29183600000002,13.632378000000001,79.507303,696.5845230000002,2.272656,297.827818,35.71496599999999,267.802239,235.65942900000002,103.14840900000002,17.986388,22.947139,694.7014880000002,604.5574799999998,114.802,18.833615,103.03568600000001,2.2247580000000005,13.469097,226.03440099999997,2436.238895,17.972385,155.082166,766.3294839999999,63.078467,180.814215,229.286,842.479681,146.495447,46.967564,161.432256,39.385673999999995,6470.479642000001,111.58117999999999,18.716,20.257
2007-02-01,124.667386,236.653712,367.98179799999997,405.26314299999996,1654.3942200000004,85.15807499999998,19.902656000000004,12.848142,171.406562,6.887260000000001,54.084958,411.08241300000003,1.64211,185.0079,25.544281999999995,75.041117,208.939217,49.316408,10.487272,41.23279,510.77970300000004,247.04388800000004,105.187,18.474715000000003,50.08948600000001,1.6680990000000002,10.145983,210.21126700000002,1931.4814099999996,35.201456,103.174435,547.4574240000001,21.856947,110.127378,233.427,352.82243300000005,155.82813600000003,41.382798,81.650601,24.948517,4438.7080240000005,94.86960499999995,20.536,18.105
2007-03-01,129.24335,182.14382500000002,132.531577,533.579414,2218.7821169999993,81.913972,22.817003,19.882985,195.51294499999995,7.114016,78.963713,617.543208,2.4909380000000003,196.915925,42.83097400000001,302.432389,187.57100099999997,152.71849799999998,22.952269999999995,29.688821,605.6805069999999,276.82386199999996,109.333,13.279589999999999,80.56303199999998,2.1582070000000004,12.989983999999998,256.746077,2306.2650669999994,7.281272,98.954438,736.8368150000002,74.98337,170.15693199999998,113.958,329.43497499999995,17.984135,32.686036,82.50224,34.13929200000001,6535.238939000002,115.86381,14.623,24.8
2007-04-01,122.46827700000001,103.865091,148.413037,597.73618,2178.543333999999,81.25916399999998,32.717129,17.099691000000004,132.920958,9.381566,64.23920199999999,728.2014860000002,3.0941450000000006,149.92737400000001,51.97232800000002,285.55123,218.92629699999995,160.07537000000002,39.01857,88.029699,895.282015,277.427389,97.619,14.890326000000004,173.76866799999993,1.897129,16.02741,260.510591,2016.5983889999993,18.468272000000002,172.202876,573.5624349999999,68.46429800000001,73.753846,135.179,265.020767,20.981493000000004,30.273821,123.219624,43.968417,7228.1745980000005,123.45151900000003,21.953,78.171
2007-05-01,115.580156,117.67083199999999,122.04866999999999,577.2101610000001,2904.821686999999,84.60225100000001,35.906228000000006,11.50502,167.96951600000003,1.472216,88.442372,1086.7866399999994,2.4093540000000004,129.035563,54.94420400000002,150.63273999999998,265.078566,91.78330899999997,42.69238100000001,128.546313,1180.4225820000001,158.167135,102.607,15.930019,163.22902500000004,1.9110600000000002,19.356685000000002,244.049755,2150.5904380000006,44.89138499999999,267.890048,639.2895699999997,40.023974,86.228514,90.579,241.226855,106.95937199999999,87.300699,32.791008000000005,39.37919599999999,7354.247481000001,116.282762,21.572,58.346
2007-06-01,113.69816099999997,175.17201500000002,159.220222,681.3759080000001,2658.3296170000003,76.42238400000001,21.580834000000003,10.857225,179.91506399999997,2.010335,92.09526299999999,859.2575949999998,2.5030900000000003,72.139478,30.046283,55.493605,198.70857000000004,27.448741000000005,39.94061899999999,136.957616,994.8281779999999,217.12679,120.93,22.783240000000006,60.605000000000004,1.586967,17.515659,196.681737,1855.151765999999,35.240626,238.305658,511.62841399999996,16.466484,77.47930199999999,231.251,369.741234,218.10406099999997,44.104533,82.425832,19.970148,6704.573756,98.59363000000002,11.888,98.418
2007-07-01,114.862393,166.31949400000002,153.855252,682.7525430000001,3287.7124399999993,124.399705,17.118082,9.403916,195.441182,4.074821,77.00517300000001,987.2940580000003,2.4223719999999997,74.258057,28.480548,33.116513,153.00311000000002,28.108321000000004,11.728457,172.8268,910.3985799999999,148.71411699999996,154.433,27.538132,52.18037300000001,1.503343,17.982662,180.07352,1779.6757840000005,44.95911199999999,295.7381189999999,464.879428,10.30681,65.958701,331.478,324.937094,383.4812,35.300111,87.359999,27.577157000000007,6531.016322000001,76.202917,12.39,132.228
2007-08-01,101.18499000000001,205.84540900000002,216.88602700000004,622.918212,2782.457746999999,154.15863100000004,15.117270999999999,10.971598,212.850791,6.826340999999999,73.00294899999999,772.8110150000003,2.9921640000000003,85.282033,13.768031000000002,49.321453,152.88678699999997,33.587923,11.752962,82.681927,650.328594,242.064545,128.754,25.193378,42.708528000000015,1.522106,14.941529999999998,155.746644,1787.3435390000002,53.955760999999995,228.85579,400.151874,14.012805,61.962312,367.73,505.626108,271.543521,32.775186999999995,83.714123,13.62958,5367.639514999997,75.69086,11.736,134.581
2007-09-01,75.667662,114.242751,137.01770799999997,485.77896999999996,2073.6387640000007,155.79471399999997,13.394205999999999,7.530130000000001,179.46212200000002,8.389936,85.445137,504.10229699999985,2.491372,63.429354,8.063657000000001,25.839295,161.25397299999997,21.715453999999998,21.911813000000002,14.975491,494.78563,92.029183,90.227,15.924423,33.973071,1.411685,10.980861,133.05572899999999,1679.7825929999992,36.662392,110.526609,416.5796690000001,7.6596720000000005,57.888599,203.545,207.000666,230.134804,31.937475000000003,71.423007,9.566076000000002,3232.231997,63.44812099999998,9.287,36.746
2007-10-01,77.670217,118.00815199999998,105.134838,468.561493,1727.3914250000003,135.10762400000004,18.557054,7.572858,193.95703,10.024603,90.44990299999999,342.4372119999999,1.832618,59.857419,29.786716,46.266805999999995,151.975074,38.103521,39.630461,11.721037,407.639584,92.01266,84.721,14.641239,67.62607599999998,1.473456,9.087884000000003,88.543417,1729.1089180000004,32.596033000000006,48.725905,446.108424,13.746047000000003,50.01013699999999,187.513,222.11636,35.315035,31.950929999999993,43.072593,24.41007400000001,3824.4283680000012,109.020912,11.253,21.462
2007-11-01,81.16580300000001,96.84901499999998,59.164712,525.292029,1668.7956480000005,87.30200000000004,28.360432,8.518911,158.78730900000002,4.254194999999999,87.738561,289.8995259999999,1.5045439999999999,74.387524,46.229528,122.36027,200.99869400000003,27.803902,61.532193000000014,4.213585,441.58110400000004,55.196645,81.575,10.821112,115.04039,1.691904,8.597152000000001,27.093078,1912.3231899999996,56.754025999999996,39.996283000000005,465.38871300000005,33.529424,43.695274999999995,102.847,157.422671,29.928489,30.950045999999993,44.553020999999994,39.37844299999999,4309.761658999999,79.414889,20.515,19.227
2007-12-01,91.983079,85.51394599999999,103.01287800000001,559.4578660000001,1406.4918899999998,80.29016800000002,27.729999000000007,11.377002999999998,114.887689,18.275779999999997,77.691465,397.13301899999993,2.075638,139.52255599999998,50.015682,238.358804,225.601821,94.015743,41.724616,9.480781,758.3750390000001,99.789817,115.205,16.255214,75.149047,1.8603270000000003,11.186094,24.444782,2008.8874649999998,25.043278,81.309675,591.2802260000004,59.463753000000004,47.547387,216.054,174.849155,23.434959,25.388828999999998,48.330695,40.62892900000001,5111.597812,86.02504199999996,15.805,19.076
2008-01-01,102.474153,236.011162,102.01737,636.801515,1498.059310000001,136.490854,33.188577,20.778289,162.10579800000002,14.840584000000002,56.288436000000004,462.99519700000013,1.8038160000000003,187.62268799999998,64.91571900000001,294.843376,251.83862399999998,85.38309999999998,39.883198,34.760743000000005,487.52843600000006,231.548294,114.693,14.516328000000001,96.29031899999998,2.274153,9.857523,45.514469000000005,2129.0448789999996,41.999106,112.10828599999999,682.1602879999999,53.918874,55.40879700000001,221.702,331.54173299999997,3.2710019999999997,37.721115000000005,58.537014000000006,95.51759200000004,5608.632901000001,125.637437,23.16,48.588496000000006
2008-02-01,111.42184,332.959695,120.078473,551.389883,1185.5914129999999,87.930641,34.278538,21.574206999999998,190.525198,18.654439000000004,62.60685,388.91221599999994,1.8084550000000001,186.740074,64.78983900000001,295.005808,258.45412600000003,91.958523,22.398973,68.40119800000001,517.2379930000001,263.22380699999997,107.466,16.145797,72.70666299999999,1.983324,9.176463,64.08656,1778.7039029999996,15.009967999999999,162.46022299999998,586.9152819999998,64.883759,66.17309900000001,234.793,529.8189080000001,43.86327,35.114946,53.127346,88.15814400000002,4526.816404,60.68634600000002,16.258,45.231497000000005
2008-03-01,107.60083900000002,384.02698000000004,237.96923800000002,688.752485,1388.1088899999995,158.70098400000003,38.936475,23.51238,173.443772,9.112718000000001,70.543459,592.9880260000001,1.923843,262.44026,70.731951,321.423467,283.704183,98.533947,37.106277,126.11981,477.7764189999999,288.3868940000001,94.332,18.192584000000004,105.75528700000001,2.5355540000000003,11.598905,173.11246300000002,2306.6902730000006,4.487535,276.634054,672.4443989999996,75.603173,58.850418,151.471,497.221343,164.557076,44.38473799999999,62.559821,105.246067,4579.718832999997,30.466334000000007,14.031,57.171898999999996
2008-04-01,103.15301600000001,247.691617,360.86921900000004,672.0392320000001,2623.352413000002,144.99821700000004,48.060601000000005,21.481456,146.41956100000002,7.029002,84.01802400000001,863.5811649999999,1.9507560000000002,244.153938,60.477041,254.410928,254.260465,117.96797900000004,41.258803,124.84071899999999,561.6778149999999,274.22769700000003,90.506,21.667565000000003,224.40907399999995,2.26098,13.689207,245.06500400000002,2097.6027999999997,30.119820999999998,358.076163,600.602684,58.23684899999999,70.316619,237.345,328.42144799999994,217.52203799999998,52.383557,90.659204,105.42083100000002,4579.276006000002,100.07053099999999,20.064,67.475158
2008-05-01,76.22504600000002,206.00882299999998,344.21683199999995,722.1868489999999,3118.6838790000015,175.98867299999998,35.305051999999996,20.388077000000006,151.898761,10.135719,72.105892,846.6461120000001,1.823304,171.294945,53.774465,227.79255600000002,248.416854,62.198640999999995,44.423173999999996,159.09105,1006.354603,214.40773,95.928,18.595521,103.01842600000002,2.3338330000000003,16.215287,186.92259799999997,2194.9466469999998,30.850434,312.982517,787.344395,53.398407,62.276482,177.436,223.40463900000006,135.34420599999999,62.049937,10.176196000000001,80.81810400000003,7221.025942999999,98.72745999999998,19.191,79.926405
2008-06-01,97.50549399999998,156.856949,374.422762,645.6438929999999,2650.0950740000003,139.34786999999997,33.862641,12.819818000000001,138.85039,0.942857,59.706066,1177.7530140000003,1.903425,104.698902,47.617323000000006,71.060956,230.71134099999998,92.39688700000002,65.664293,118.281357,1542.319963,187.09356899999995,109.217,15.397706,112.67357499999999,2.0261020000000003,20.394339,215.471796,2019.1956790000004,37.817032,257.966745,834.3488260000001,20.10668,55.256254999999996,83.736,310.267448,118.636621,78.04162499999998,77.94483499999998,72.66250700000002,8998.117870999997,126.054563,21.179,100.52527099999999
2008-07-01,70.45754,152.803294,435.61644000000007,682.0921480000001,3217.601068,171.97610600000002,33.907848,12.597256,143.697666,6.402004,86.567844,1096.653253,1.4220780000000002,77.637175,47.851577,58.670501,217.80402600000005,56.158994000000014,36.216526,166.0519,1240.7472460000001,177.60617,114.155,22.32514,121.13512999999999,2.125559,18.472038,185.97174499999997,2137.4669550000003,52.979986000000004,238.53937200000001,581.9693269999998,16.607566000000002,51.11451,221.271,366.775928,105.609178,70.685689,93.09147099999998,67.846818,7214.833018,149.21580500000002,21.485,91.050101
2008-08-01,85.05970799999999,232.07893200000004,376.186137,651.252542,3300.5005769999975,97.64814499999997,42.95496599999999,14.60282,195.80072300000003,4.502144,82.506106,965.0968879999998,1.4517760000000002,105.566269,62.302157,41.22806,259.04633,50.16805,15.366141,43.982127999999996,809.6013799999998,282.267524,118.543,21.277653,167.007846,2.0100890000000002,15.05716,185.044582,2040.4449309999998,39.166325,165.076799,449.85459000000003,11.247326000000001,48.838567000000005,356.717,606.4517,93.12752800000003,57.61820900000001,85.637467,91.20678500000004,4710.836109000002,114.79397600000006,12.055,74.217905
2008-09-01,92.69672899999999,140.53755500000003,249.502567,515.489562,1648.395508,165.15201800000006,25.349013000000003,12.848168000000001,192.05890000000002,0.009429000000000002,75.057727,594.0509890000002,2.022835,84.05702000000001,27.27533200000001,40.25346,206.04224800000003,99.702913,14.382857,107.072538,603.406237,201.001825,104.534,19.356775000000003,55.23365900000002,1.822153,11.112164,163.72737599999996,1846.193922,29.098146,154.251881,463.977346,10.984832,55.66098500000001,234.362,281.809025,63.061677,42.522161999999994,81.11801200000001,24.194945,3484.3898599999993,89.67476300000004,8.61,54.772715000000005
2008-10-01,98.41123000000002,133.256295,383.526343,514.586185,1057.2768869999998,141.003844,24.633739000000002,12.052772999999998,198.285841,0.419572,63.310669,379.49994899999984,1.334532,54.677982,40.379795999999985,41.334624000000005,176.783524,35.068928,32.952649,65.393279,512.569864,187.740424,94.512,16.327305,58.43323199999998,1.8653950000000001,9.077754,95.614302,1889.518987,26.262458,122.828779,472.095553,11.370196,55.346443,254.996,285.959948,25.745039,34.73722300000001,60.403082999999995,54.914368999999986,3895.377195,83.47001899999997,9.636,44.74495099999999
2008-11-01,81.66657400000001,129.125192,318.909076,516.064511,759.482352,2.6113500000000007,33.43096,10.120512000000002,180.52008500000002,2.522144,35.032976000000005,328.3182309999999,1.032608,53.21071,58.88269,69.582503,226.25766300000006,43.056853000000004,25.085936,32.690475,552.6583449999999,88.40164299999998,91.109,9.034719,90.76854399999998,2.1438249999999996,9.026281,99.21697099999999,2142.298642,44.587635999999996,55.646959,501.04608099999996,19.779029,53.89288,95.941,176.15383000000006,12.744673,34.540254999999995,29.212339999999998,92.54663400000003,4287.578884000001,126.71620999999999,14.551,44.49123699999999
2008-12-01,126.579831,536.772506,164.555543,489.603195,823.4632490000005,124.926298,37.97285000000001,23.382244,175.75930499999998,9.772718,58.562951,392.377713,1.643572,223.37403700000002,69.34039000000001,258.471761,267.86761600000006,79.002505,36.578173,14.981803,853.365699,368.4928530000001,117.795,15.102907,101.453874,2.392083,10.941879,90.872134,2234.9091820000017,31.494553,44.610222,575.0923290000002,57.744309,76.10194500000001,250.583,700.2740500000002,48.942052,41.870543999999995,61.164541,95.26516399999997,5416.279616000001,113.58934600000002,16.949,53.933364999999995
2009-01-01,87.49904400000001,610.7033240000001,158.20376000000002,626.086044,1051.9978389999999,123.75728800000002,32.539867,17.419314999999997,198.36515799999998,8.599019,63.166407,697.3268180000001,1.116193,302.02949700000005,57.31213300000002,152.40356,271.16038700000007,56.807168999999995,19.208849999999998,57.49274,572.7692630000001,446.28096400000004,131.512,18.759776000000002,85.281554,2.624782,10.149049000000002,132.651676,2102.381273,40.796734,66.84707300000001,721.9489729999999,34.65059600000001,96.28571099999999,238.678,847.3255619999999,10.935606000000002,59.092627,96.82356300000001,73.842113,6095.0900440000005,85.312009,21.1,67.196753
2009-02-01,94.78634100000002,258.814099,283.13421600000004,489.799594,1394.8377139999998,113.954802,27.274270000000005,10.999402,158.99842300000003,10.494031000000001,50.536899000000005,487.68307999999996,1.271508,231.445163,46.24752,154.72125599999998,240.534033,82.45198800000003,20.099120000000003,43.526123999999996,511.25001199999997,182.11789199999996,121.106,15.008942999999999,56.26246000000001,2.432083,8.250662,138.229524,1931.7522340000003,22.405239,90.10870500000001,530.693049,35.64861700000001,51.189030999999986,153.154,451.1484019999999,7.251078,48.03930700000001,46.542859,73.08597799999998,4132.173667999999,58.06078800000001,18.443,54.627552
2009-03-01,100.22154499999996,562.0842439999999,174.266391,657.796826,2205.0450030000006,152.44750100000007,36.596239000000004,17.06813,231.788314,20.152350000000002,54.435165,488.59692799999993,1.567423,352.38034999999996,80.196715,209.851307,255.37942,142.32876300000004,40.153497,61.427205,506.66736599999996,312.399244,82.01,16.166687999999997,114.839274,3.0021639999999996,9.56494,193.402249,2361.7863780000002,34.245964,94.80660300000001,621.7280650000002,49.029208999999994,116.31161999999999,224.151,499.030877,70.381849,55.691669999999995,81.807991,118.135432,4079.0924889999997,78.71103900000001,24.709,63.32937900000001
2009-04-01,102.729203,490.80708200000004,290.185941,618.471032,2613.370061,112.49296599999995,40.339273,15.852143,235.75457299999997,18.587227,73.858019,1172.750054,1.7235770000000001,332.55409299999997,71.897768,200.62199299999997,255.05536499999997,224.19791499999997,36.793327000000005,145.360421,575.1117699999999,242.27977500000003,72.537,21.935077,165.61673899999994,2.758217,12.849879000000001,285.401973,2163.859836999999,33.706233,238.347429,768.3849610000001,46.43782100000001,106.88849999999998,233.053,365.4308209999999,92.402579,74.818158,83.30100000000002,109.63891299999999,5654.628388000002,77.87756600000002,24.722,85.078927
2009-05-01,77.483977,633.572273,163.060673,548.377594,3579.7358229999995,176.04178899999997,36.002998,17.644882000000003,204.598731,0.252912,91.28814299999999,1048.4883820000002,1.565321,321.74773,57.116530999999995,179.505752,243.67435500000002,85.793586,52.11313000000001,185.550192,1156.0269509999998,409.00299199999995,116.546,27.111646999999998,134.58853299999998,2.8679680000000003,14.530136,234.94968500000002,2277.792472,39.355614,316.835361,801.2169099999996,42.59812300000001,94.189242,272.777,756.8270550000001,153.52041100000002,84.601419,77.79484400000003,106.49500200000001,6385.465904999997,81.931455,21.224,96.20389000000002
2009-06-01,101.86801100000001,276.777428,255.525361,504.884875,3201.4063020000012,164.552044,27.398284,19.260002,211.24528300000003,6.088223000000001,98.146218,1182.9910199999995,1.523708,217.477862,55.472236,161.430541,199.38206800000003,56.84601999999999,38.70019800000001,164.674987,1374.0060709999998,480.73034800000005,140.373,29.148425,77.40521900000002,2.626436,15.666347000000002,211.138315,2087.1471460000002,51.664755,232.819382,825.216274,38.752879,107.71176400000003,397.54,633.9856320000001,96.27831800000001,91.21698400000001,130.736815,77.86153699999998,7418.95818,100.00437000000001,22.565,103.726732
2009-07-01,101.052717,197.232112,305.688603,606.765228,3543.7986449999994,152.543146,37.241919,11.447969,222.51826300000002,10.527018,93.291039,1183.0101959999993,1.3353989999999998,155.108299,75.600821,95.962405,247.85919700000002,24.323723,21.923989999999996,54.340105,868.711083,214.30145800000003,147.91,27.706485,133.19519299999996,2.6676540000000006,13.861896,216.25926900000002,2189.796653,55.739859,109.72982300000001,560.360785,24.653976999999998,68.53886,458.146,444.64905,87.263081,80.710605,65.848914,102.47557600000002,5480.314079,104.895518,15.926,91.77948300000003
2009-08-01,110.76026100000001,263.74911199999997,225.45598999999999,569.8475649999999,2909.473767999999,50.24343000000001,32.986889000000005,13.163429,220.67693,3.632408,93.469984,905.6928920000003,1.246499,180.485028,59.816354000000004,152.403558,257.99681300000003,27.62647,17.060437,20.204567,593.657198,240.177298,152.635,27.759631000000006,89.62028999999998,2.6494400000000002,11.193890999999999,233.63266900000002,2137.155233,58.12709100000001,109.829346,395.5473010000001,32.366887000000006,66.844927,490.788,646.59506,71.279708,65.176205,73.56907700000001,59.435832000000005,3967.4004400000003,100.160722,20.425,74.11464699999999
2009-09-01,89.225187,452.12438000000003,155.759324,436.979059,2165.6732480000005,166.457893,17.862919,13.084251,264.721087,4.383814,98.19744100000001,598.4168000000004,1.094969,176.140053,20.345502,64.612278,175.01645100000002,25.761391000000003,16.151854000000004,31.317718,505.1865650000001,368.405148,134.917,29.163635000000003,29.300501,2.3277159999999997,8.506537,166.935554,1934.425397,39.777071,167.930005,438.93156400000004,16.433490999999997,59.912661,533.831,637.021457,34.637467,49.52913700000001,71.13576599999999,22.50483200000001,2974.223558,81.053847,9.839,56.321701000000004
2009-10-01,142.44362700000002,764.41788,207.34238299999998,394.55339999999995,1719.1866600000005,131.71541000000002,22.754063000000006,16.967544999999998,293.500023,10.552677,98.737485,422.3539950000001,1.192066,274.618825,54.873780999999994,141.188369,156.043914,53.193577999999995,16.869173000000004,145.59108600000002,531.9434100000001,434.913902,118.321,29.324025,67.849373,2.493695,8.004621,219.675023,2006.7103149999996,49.134852,298.385212,479.440741,31.407443999999995,73.81106500000001,371.29,957.1540870000001,77.690025,46.606739000000005,52.04863999999999,42.38310299999999,3606.984558,97.63507700000002,20.156,52.998517
2009-11-01,132.62422000000004,757.522068,191.64085500000002,431.353073,1195.0493139999994,7.801008999999998,28.318153,23.608571,322.047964,15.387335000000002,69.007522,341.048089,1.157597,231.17023799999998,71.125005,146.22438,175.409196,64.656036,45.264236000000004,158.658323,569.0234939999999,626.159998,116.376,20.49453,98.65413100000002,2.699757,8.017074000000001,224.975531,2169.8018480000005,62.488339,253.55389399999996,487.17637999999994,34.646015,233.812597,172.628,1007.1042879999997,149.917214,46.67925000000001,112.42252799999999,71.47422499999999,4503.145925000001,100.12793700000002,16.265,53.080971
2009-12-01,154.72727700000004,1004.6509980000001,470.703503,542.43071,1240.1108530000006,100.01272200000001,35.469235999999995,31.686361,520.729161,3.991616,73.504678,419.10444599999994,1.1977400000000002,312.840862,73.41036400000002,229.843601,245.20603100000005,59.449361,28.952187999999996,58.822532,842.3858170000001,599.3135209999999,141.008,21.830138,119.31787299999998,2.930898,10.216968000000001,203.343302,2293.466134,37.903248999999995,94.842167,578.460837,50.637521,376.47317200000003,302.078,1028.771709,170.630964,59.488088999999995,180.505593,93.83976700000001,5355.692888999999,72.26138200000001,24.284,67.646448
2010-01-01,130.87554500000002,733.217726,508.41537000000005,553.839777,1286.0856119999996,121.787342,26.966897,24.828621,379.42219700000004,5.262115000000001,67.809565,502.9407919999999,0.552336,263.143522,57.118344,191.3226,239.291371,60.86721699999999,20.754608,118.75220300000001,539.0834920000001,611.7098849999999,162.395,41.42947000000001,78.64207300000004,1.611508,5.226795,179.24696899999998,2049.8079190000003,31.929702000000002,170.643745,619.3641950000001,47.55620900000001,313.21741499999996,303.506,876.4991510000001,237.89498999999998,44.86972200000001,167.74977500000003,70.221451,4369.2529570000015,122.434346,16.292,28.724681
2010-02-01,93.60980700000002,769.293179,341.828869,382.134855,1405.2677949999986,131.80691700000003,23.576438000000007,25.465717,412.75440399999997,3.7674150000000006,59.19056200000001,436.84934799999996,0.40249799999999997,282.297941,51.087105,133.014981,215.26208000000003,42.185202000000004,20.662852,106.91734699999999,478.93426,656.5039290000001,136.168,36.16353600000001,66.76710399999999,1.4136330000000001,4.192278,124.68346700000001,1839.3456310000008,15.288620000000002,251.154932,559.1679000000003,32.315083,334.5467060000001,227.878,897.0249119999999,98.33579,35.988856,165.63135300000002,62.922869000000006,3872.554433,94.36306800000003,20.083,25.734877
2010-03-01,116.99597500000002,607.015458,233.789852,549.953645,1978.7741599999995,133.84733800000004,32.482266,21.432012000000004,348.405306,7.1310590000000005,46.777046999999996,421.5950589999997,0.6528120000000001,240.303093,69.623951,271.815426,243.37003600000006,114.66704600000001,36.81493,110.66074499999999,413.091204,471.831662,113.016,28.579274,133.56566199999997,1.73573,4.829857,218.39956600000002,2161.8566920000007,16.165056999999997,205.70211799999998,573.4161330000001,61.445504,168.100185,153.295,525.4486039999999,237.84536300000002,41.462195,130.209808,91.719432,3826.378821999999,78.700076,17.705,33.361377999999995
2010-04-01,130.03966400000002,277.48624100000006,273.033878,556.718669,2503.7015250000004,124.55565700000002,36.624476,14.822591000000001,230.627993,8.802106,49.55033,477.670489,0.861602,175.434067,74.02156600000002,189.88358,270.067594,126.82953100000002,27.704099000000003,99.868592,380.10942400000005,291.877527,87.449,30.273662000000005,161.29602999999997,1.497438,5.012228,219.316704,1907.5756920000006,41.491033,186.405892,528.150624,43.69262700000001,114.14111600000003,208.939,220.70065400000001,110.79016200000001,43.027770000000004,115.254732,112.46170400000001,3779.428512,170.961439,20.979,79.541694
2010-05-01,106.29750800000002,426.78185300000007,183.058212,590.0476189999999,3822.765634999998,48.191379000000005,26.369065999999997,14.619789999999998,293.817009,4.7268609999999995,80.527242,788.1058559999997,1.2588130000000002,296.583804,57.40375199999999,154.35198,206.57009,80.69974,24.117917000000002,145.140334,892.1365149999999,291.15792700000003,133.63,49.199561,96.19562199999999,1.494458,7.227982,202.93789,1924.761926,30.781234,179.75851500000002,667.0531599999998,39.17067000000001,111.184406,398.29,397.58813399999997,114.603066,62.049043,75.27386400000002,89.31308899999999,5777.077175,127.18490499999999,23.215,150.507132
2010-06-01,125.120667,250.673259,338.713701,548.2740640000001,4302.642082000001,152.03809799999996,19.615006,12.388627999999999,253.144258,5.230529000000001,68.677381,1221.9722339999998,2.1010800000000005,159.954446,38.18342000000001,77.694847,169.643609,122.775368,28.938833,104.229049,1458.666956,280.940521,136.73,41.959678000000004,64.24750499999999,1.4336470000000001,9.922434,259.868864,1919.4339340000004,48.505005999999995,205.34335799999997,893.327245,21.479172000000002,118.30205900000001,371.246,373.00029199999994,122.790032,85.17972400000001,86.80924,68.90889600000001,7258.682237,173.94374900000005,20.087,184.980168
2010-07-01,135.23527499999997,170.40211,237.342632,654.603373,4045.3334679999984,147.674487,15.987995000000002,8.971435000000001,240.61445100000003,5.756074000000001,88.55049900000002,1109.333066,1.8927440000000002,110.12308999999999,26.105931000000005,44.001543,164.864125,59.38799700000001,31.033503,118.152708,1026.1845210000001,180.05448599999997,142.609,54.101515000000006,35.607674999999986,1.4665160000000002,8.725783000000002,219.41000799999998,2006.7832690000005,51.749213,238.721074,547.4586190000001,12.454797000000001,72.727419,534.668,319.98417600000005,86.42794000000002,74.90700299999999,74.69958399999999,47.45068500000001,6184.770958000001,185.77200699999995,12.877,169.056482
2010-08-01,124.622609,236.143201,168.330046,619.7391140000001,3410.3634389999993,95.212954,16.019233,9.988524000000002,225.32113899999996,5.009526,95.190792,920.5061389999998,1.87911,147.36633899999998,25.696584,42.474359,159.02012000000002,31.721079000000007,27.967971,31.978403,691.533407,252.75382399999998,160.791,58.158521,46.88047599999999,1.40694,6.98615,194.830618,1927.9675949999998,43.604235,74.494678,405.207638,11.313912000000002,95.82109899999999,662.067,607.3870730000001,61.687773,59.973016,79.68470199999999,36.970169999999996,4357.1711319999995,163.88373700000005,9.852,127.340804
2010-09-01,106.32667200000002,184.28433900000002,97.353344,460.641946,2560.5852370000002,162.60145900000003,13.650611999999999,8.567657,191.98711600000001,4.259232,112.10395,627.9733359999996,1.1894749999999998,114.30849200000002,13.035125000000003,31.904665,159.49226800000002,33.693374,29.689783000000002,79.83868700000001,692.873876,242.02043000000003,257.682,68.49191900000001,26.935245000000002,1.310783,5.779438,169.86640400000002,1810.4511219999997,23.811953000000003,77.51207699999999,466.40406300000006,7.402981000000001,64.66268299999999,696.419,497.93465599999996,118.840682,49.613929999999996,70.103665,19.529158000000002,3099.4252980000006,90.94162800000002,7.229,85.811815
2010-10-01,105.97938300000001,182.388738,66.06969099999999,495.10484499999995,1913.0297230000008,21.88954600000001,30.632687,10.720583999999999,182.177297,4.973339,104.558739,400.19028399999996,0.6596380000000001,87.850917,63.960748999999986,175.74471499999999,203.789457,43.226135,31.948271999999996,19.794349,526.3702430000001,245.81704600000003,288.63,63.88203699999999,146.04686900000002,1.454807,4.304919,88.949772,1870.4048789999997,38.46202500000001,18.241291,509.714385,38.719226,62.589091,647.544,451.361434,24.709813,36.95583300000001,50.546097,92.435369,4073.2035739999997,138.88166000000004,13.933,20.474892
2010-11-01,106.222881,253.535258,65.654472,625.628308,2008.8692319999998,20.853511,28.85748,10.963684,166.44519600000004,7.305076000000001,96.08089,351.2301169999999,0.687998,139.29690999999997,65.50799,141.033964,203.90140399999999,45.691503000000004,37.407582000000005,9.235118,605.1183050000001,268.66426399999995,254.669,58.702343,116.73823200000002,1.575196,5.049353,141.932117,2062.681612,51.838471,22.003534,522.120684,33.761106,61.615004,604.626,541.100129,19.706438000000002,43.34647100000001,78.32251000000001,109.12066699999998,4751.972479000001,176.53389700000002,17.84,22.438322
2010-12-01,120.15840299999998,411.38363799999996,101.97193299999999,585.473785,3166.984112000001,27.14590200000001,27.368143999999997,14.704756999999999,219.19063399999996,8.199668,70.358003,506.54214,0.7828940000000001,327.063379,61.741282999999996,214.15334,215.82322599999998,64.811808,31.964650000000002,20.526465,844.2177969999999,378.11449899999997,168.349,42.986484000000004,103.57650699999998,1.718344,5.889783,137.853621,2202.444728999999,31.586451,25.812786,648.2503539999999,47.200713,70.008817,430.323,827.242785,20.752180999999997,50.561187000000004,71.86367,70.73851,4962.871603,130.986758,18.204,24.390755000000002
2011-01-01,131.77330300000003,366.85410699999994,119.25049999999999,589.46517,3156.855245000001,153.97575400000005,35.985057,11.76681,192.39904699999997,0.424591,59.252146999999994,943.2195610000002,0.7941469999999999,228.619948,53.32627200000001,68.45757499999999,233.28614499999995,41.655187999999995,29.132963,28.893625,640.4402500000001,277.69927800000005,221.038,54.310182,73.23744899999997,1.718833,5.9306719999999995,137.039457,1930.7093239999997,42.000333999999995,37.839960999999995,843.5682839999996,20.722004000000002,87.27160999999998,375.911,626.996248,11.648449000000001,73.887987,60.58939099999999,75.08629599999999,6412.254657999999,170.61530099999996,20.42,24.405673
2011-02-01,126.74848599999997,287.29061199999995,95.077194,597.586649,2298.6321820000007,142.38186299999998,29.837367999999998,12.989291,206.40764700000003,2.013013,51.399199,1027.7508370000003,1.108184,184.703868,38.660379000000006,150.369595,208.50560000000002,50.80517599999998,26.446819999999995,44.243241999999995,940.7494350000001,233.99668499999996,217.196,47.11221200000001,54.456703999999995,1.553733,6.92915,163.784694,1673.7209679999999,32.137526,56.57454,785.1682709999997,36.186713999999995,61.933125999999994,292.309,526.845143,35.54105800000001,86.32766199999998,47.41678,54.884549000000014,6600.9758520000005,118.84197900000004,16.128,32.980858999999995
2011-03-01,146.36067,733.786647,91.317508,763.503839,3764.7048570000006,163.742686,41.726581,22.667696,300.733792,9.234842,60.441767,1140.964658,1.4732659999999997,296.572462,73.406605,341.784201,235.33443999999992,127.745948,37.405851000000006,164.94680300000002,969.2036760000001,448.23556700000006,201.524,55.400579,100.58517899999998,2.1979,8.151374,235.60040700000005,2229.4303239999995,2.6271859999999996,147.48775899999998,944.0210570000002,85.80506400000002,115.303577,293.69,1000.293785,31.389917,101.55488700000001,93.34638299999999,112.74553199999998,6548.56553,40.330073000000006,8.111,105.796252
2011-04-01,99.05225399999999,654.421259,100.267584,792.804091,4449.35027,167.41531600000005,50.45758699999999,21.470867,267.071958,8.393242999999998,66.33810199999999,1073.119159,1.545483,310.82624799999996,72.361071,321.89734999999996,224.085419,197.35662100000002,36.271543,62.925777000000004,1099.9879430000003,393.45043300000003,135.8,60.805127,190.116953,2.004573,8.550317,210.041437,2021.7942380000006,7.298471,109.14966399999999,908.5809320000001,81.39390199999998,152.502045,498.088,812.037176,70.292306,106.52517099999997,106.894571,105.737196,6879.602349999999,55.954094999999995,10.712,150.81565400000002
2011-05-01,98.513809,254.27435,255.83711300000002,822.4923489999999,4943.6001240000005,191.08523000000008,57.66631,17.975227999999998,218.17296399999995,15.186689,103.26145,1034.666936,1.3871710000000002,281.12680800000004,83.352372,329.47666499999997,237.51933699999998,116.57386400000001,41.675110000000004,99.311848,1284.2663980000002,240.75442200000003,280.618,94.64885100000001,234.367892,2.28669,9.206976000000001,230.78861699999996,2360.2208990000004,10.152094000000002,250.087475,935.7567910000001,79.21873000000004,79.783461,643.779,497.174422,91.46452799999999,114.70624699999999,94.44919999999999,115.15200600000001,7199.4534300000005,64.76792,17.751,177.839189
2011-06-01,90.97823500000001,196.50677900000002,302.233453,933.3037029999999,4818.136825000001,176.15481099999994,33.989982000000005,13.025409999999999,205.338325,11.134124999999997,102.328438,1287.7666659999995,1.773658,315.56745400000005,65.42401,151.49122,192.423175,76.68801200000001,43.015972000000005,108.53889500000001,1376.037665,252.21373100000002,219.4,93.79365999999997,78.95176,2.1386410000000002,10.063892,228.728879,2342.8223389999985,57.905705999999995,90.941236,921.5178740000002,40.66317800000001,67.254236,741.429,508.432516,93.033746,125.38222999999999,78.291182,100.26985099999999,7008.062157000001,216.54866200000004,20.104,159.826335
2011-07-01,85.484093,204.606628,288.07949999999994,1027.849567,4820.417235999998,186.10271600000004,22.253777000000003,10.286633,201.945043,1.903075,96.432632,1500.631666,1.170521,192.69317200000003,28.767400000000006,59.904296,159.190173,33.263488,34.46738,24.875352,1373.3027179999997,223.45003500000007,207.222,88.3896,39.267491,1.991857,10.792843000000001,242.34847599999998,2259.6612060000007,54.58423299999999,23.092425000000002,822.7678930000001,18.567572000000006,87.729335,791.484,506.96722300000005,72.005602,134.463964,63.943485,25.964612000000002,8061.711559000002,225.58861599999997,13.486,159.737001
2011-08-01,85.13322099999998,200.6612,323.118197,986.0658549999999,3897.8842170000016,45.93579999999999,23.521787999999997,10.666780999999999,232.43322999999995,3.5066610000000003,93.450559,1134.8358050000002,1.7437839999999998,137.83819599999998,26.846867,83.00532700000001,163.69336200000004,30.584208000000004,36.300769,9.919106,1049.367097,232.05660299999997,222.944,85.65624700000001,47.196614000000004,1.924422,8.829049000000001,197.835727,2148.279157,45.639813000000004,38.108158,550.9846559999997,22.618028000000002,69.70984599999998,794.29,602.031661,74.85293399999999,109.997796,63.88792800000001,19.842875000000003,6979.928093,202.80467299999998,13.36,147.255457
2011-09-01,89.72325400000001,247.85139900000001,248.82120600000002,670.33912,3125.5004709999994,144.81918199999998,35.93206000000001,13.304606000000001,215.81993599999998,0.299488,82.088228,885.5034300000001,1.170521,167.66596299999998,46.86020500000001,216.48480300000003,227.46414800000002,29.472056000000002,15.008372,7.792507,678.9703959999999,214.72139799999997,191.038,75.24160099999999,80.60509700000001,1.9101110000000001,6.405368,160.55649599999998,2033.5279819999998,38.201879999999996,11.476313,634.829703,47.02025100000001,65.866735,699.853,537.8572139999999,42.448719,79.80206299999999,60.371922999999995,66.368085,4056.4189930000007,181.09353900000005,14.172,109.458308
2011-10-01,86.23396800000003,196.40638700000002,105.35862700000001,621.759879,2196.1254610000005,170.78434700000003,41.05404599999999,14.240882,183.43565700000002,1.345799,65.634134,527.491435,1.010562,123.91892899999999,71.89819600000003,300.371045,215.98082100000002,49.743576000000004,12.310563,4.7696499999999995,593.711976,220.47696000000002,227.619,60.15987199999999,108.118772,2.0843510000000003,4.996973,96.502356,2157.3927080000003,45.89608700000001,7.506513,587.3654920000001,66.328856,61.169502,488.382,530.9449619999999,16.34265,62.255407999999996,33.628228,100.88202199999999,4397.4979859999985,184.20940200000004,19.533,20.643544000000002
2011-11-01,130.15255200000001,317.069212,109.502951,680.4015989999999,1886.7780109999994,22.30202400000001,30.834001999999995,13.352656000000001,183.18742,19.106569,75.41949399999999,453.02063000000004,1.2352100000000001,221.557502,69.478244,213.779349,184.43163799999996,69.812882,12.034077,5.395393,720.1951299999998,255.43261099999998,262.608,69.12907799999999,43.693209,2.1895320000000003,5.247850000000001,139.664047,2337.7966090000004,30.405371,28.514515,550.4372719999999,52.11386900000001,56.51190600000001,552.455,704.9199970000001,8.434362,65.380987,49.40590099999999,60.58410000000001,4859.154125000001,136.83248400000002,20.145,19.580898
2011-12-01,145.837904,499.55842000000007,294.14416700000004,688.520179,1712.9969810000011,15.576671000000003,39.559442000000004,20.29514,190.68952900000002,20.592635,62.787856,513.0242169999999,1.2784929999999999,299.32645,83.821339,310.101574,223.312742,71.834981,14.97758,17.648802,859.6276550000001,496.61027699999994,193.035,57.550990999999996,81.61588,2.406357,5.754536,147.692407,2528.768862,14.055299000000002,82.07044099999999,628.2917709999999,68.050832,62.603621,436.494,1015.1956529999998,9.498448999999999,71.693598,85.876028,98.53887600000002,5308.103978000001,79.248146,18.127,21.78283
2012-01-01,159.597971,693.164243,221.87093900000002,639.783849,1285.5380719999998,91.54244200000001,21.955472999999998,19.429037,213.82561800000002,2.216496,60.343424,564.9885299999999,0.757625,321.43442100000004,58.234069999999996,256.30122700000004,224.981365,73.399598,11.032297999999999,24.591351,586.7042260000001,485.91929899999997,200.272,34.23490900000001,66.23504,1.11558,8.477599,157.08808500000004,2353.985759,13.990814,35.069597,695.8120650000001,53.359976,81.85634700000001,465.388282,975.131038,6.823352,47.03776299999999,72.45156499999999,69.163206,5272.670746,54.17506100000003,17.567,24.043199
2012-02-01,139.03605599999997,471.79527299999995,241.731677,577.516117,1066.5565320000003,53.315591,17.984981000000005,13.686195,173.10920000000004,10.061412999999998,53.921116000000005,565.8553129999998,1.359189,251.566892,44.475616,169.97308600000002,190.54234699999998,74.067873,11.2048,35.211449,497.086273,302.8564989999999,196.556,30.591306000000003,53.534879999999994,1.0555409999999998,7.777994,169.129986,2270.801772000001,32.903819000000006,89.817745,666.0324710000002,39.813948999999994,70.11868100000001,376.938387,825.684375,2.828858,43.15601699999999,35.202144999999994,60.18754899999998,4497.0121819999995,97.191039,22.108,27.460465
2012-03-01,131.72077,496.77156799999995,242.03062400000002,651.460044,1438.403865000001,95.09907100000002,25.043233,14.92831,165.441702,21.365082,63.491991999999996,1032.1809089999997,0.974304,304.661784,64.57352800000001,204.492821,196.298866,172.750777,23.772921000000004,85.299209,649.5206459999999,279.426603,192.138,36.021194,125.175663,1.132522,10.523802,196.72685799999996,2425.465383,16.306397,151.27214,852.8363579999997,45.38257,83.74542,419.53378100000003,651.833731,112.99561700000001,58.391068,71.25817699999999,97.06735400000001,6173.340664000001,69.669152,21.373,42.42527
2012-04-01,105.32215699999999,120.16575900000001,379.99740299999996,647.875328,2223.209270000002,71.31233300000001,19.131252,11.655331,155.343426,15.728138,70.176514,1135.72244,1.967025,135.54837500000002,50.400001999999986,110.028182,177.593478,78.52308099999999,26.101489,98.59383,1182.232036,230.92193400000002,239.95,39.813555,75.71837500000001,0.925914,13.600387000000001,313.553556,2018.2212730000006,54.578747,213.284674,902.8020120000001,28.509196,75.11594000000002,448.55852799999997,203.21682599999997,137.70265799999999,75.46142900000002,83.212863,85.73920899999999,6925.181258,140.65519000000003,20.46,75.383606
2012-05-01,105.23261,106.805924,134.769487,629.418388,3343.4751880000013,111.732704,25.605736999999998,15.837374,183.69842500000001,10.584691999999999,68.77955899999999,1098.339706,1.203735,86.69125399999999,67.86098000000003,230.440481,200.694271,92.000094,35.646542,87.837718,1210.288931,284.710034,242.728,39.021013,123.541027,0.9532240000000001,13.506013000000001,233.338322,1976.8018049999996,22.949835,99.866274,854.5927210000001,53.09828100000001,86.318672,479.16007900000005,246.41110000000006,68.86651899999998,74.93780000000001,83.936863,93.303368,7904.783407000001,86.07507,21.867,128.81154700000002
2012-06-01,108.84627900000001,148.419727,72.556674,618.9723859999999,2936.651041999999,101.57305899999997,20.965610999999996,11.086129000000001,178.900786,10.218823,66.60625900000001,1148.7646959999997,1.5279500000000004,88.309386,49.71286200000001,129.967708,198.370801,56.135650000000005,30.988705999999997,9.759875,1394.1164319999998,233.991672,230.422,37.78802599999999,80.79239900000002,0.838624,14.542707,280.9375149999999,1801.3148429999997,36.726896999999994,15.552453,722.7995750000001,31.824938000000003,71.90705000000001,543.173307,365.16197,51.119907,80.68987400000002,52.959320999999996,50.904259,8012.473203999998,106.00097099999999,12.544,138.16429300000001
2012-07-01,72.271226,172.46095000000003,79.478354,638.2146120000001,3160.177514999999,119.38232599999999,14.854287999999997,8.875041999999999,179.201182,11.227091,74.715976,1140.717329999999,1.5578640000000001,97.051038,19.184056,40.507657,181.51431300000002,35.140468,8.94669,6.793883,1360.5659969999997,196.39375500000003,228.873,42.388948000000006,44.960516,0.772485,14.322614999999999,251.80357199999995,1734.4318510000003,40.399154,16.402627,695.1932669999999,11.483347000000002,68.687514,645.037277,393.45259899999996,21.960664,79.46869199999999,62.611329999999995,25.063067999999998,8661.357488,108.07627400000003,12.698,117.618553
2012-08-01,115.97928399999999,237.829021,53.107688,590.5012749999999,2863.013144000001,123.27779200000002,12.459401000000002,10.033501,187.862168,9.453047999999999,78.51538900000001,888.5620490000003,1.400385,157.13568700000002,11.487763000000001,48.529955,159.73359200000002,39.929823000000006,4.872876,4.665019,787.798746,252.12090700000002,228.439,44.544485,31.389791000000002,0.750884,10.929182,231.117538,1677.7200639999999,37.825093,10.322808,496.9421399999999,13.292246,79.26999099999999,699.265344,676.0037909999999,31.391335999999995,60.64031000000001,63.988082999999996,17.860824,7453.957167,97.15125099999999,10.918,122.96253200000001
2012-09-01,121.41063999999999,236.961638,57.597813,416.054797,2346.0606999999986,112.82763500000001,12.867145,9.78021,175.233001,5.066867,70.417549,577.9952529999998,1.446041,156.180563,14.365368000000002,50.927144999999996,168.60826699999998,22.33174099999999,3.746893,3.2798730000000003,469.480096,251.45829700000004,193.663,39.950303000000005,31.825562,0.7057089999999999,7.326607,185.768074,1567.6905660000007,37.395207,19.196725,504.63241199999993,12.774927000000002,71.104832,638.517793,523.744292,24.590021999999998,40.651505,53.90017100000001,23.850628999999998,4164.525547,100.31855099999997,9.899,68.487545
2012-10-01,190.49747000000005,266.640085,46.792472,352.025365,1822.2489060000014,133.71015000000003,19.286585,11.424036,204.34109600000002,1.7187359999999998,60.518343,387.31595299999987,1.578691,182.38250299999999,38.40299099999999,86.677815,200.489019,47.058159999999994,4.681676,3.320034,437.06145899999996,315.19330099999996,180.22,34.334142,67.27354599999998,0.721467,5.75813,102.151826,1566.5261330000003,40.270661999999994,20.411114,456.137429,21.622616999999998,68.526838,535.530845,649.234654,88.4039,31.948849,35.975549,73.34339800000001,3723.120136999999,109.521123,11.19,17.357472
2012-11-01,150.89805500000003,277.032403,40.605216999999996,477.61544799999996,1463.6167349999998,9.658853000000002,18.554572,12.180653,185.14978399999998,2.488764,56.48827800000001,390.050135,1.695191,137.88643900000002,41.535223,143.66160399999998,196.94432200000006,37.590836,4.240013,4.810655,829.350843,283.501209,189.681,32.047747,53.34567699999999,0.878792,7.946448999999999,177.574895,1876.2005130000005,47.692641,7.048898,497.1394469999999,33.924018,55.935687999999985,472.027225,671.4444900000001,18.596747000000004,44.09068299999999,41.371584000000006,59.66276499999999,4900.149388999998,117.60326699999999,17.459,19.566923
2012-12-01,144.489482,361.95340899999997,51.32165199999999,477.496391,1891.1714450000009,66.808044,22.029722,11.595182,167.723612,14.45185,35.688601,520.7674160000001,1.132,231.595658,56.118590999999995,185.031319,210.24935900000006,85.20589899999997,4.936095999999999,3.450104,966.9723230000001,200.92269800000003,154.288,20.247372,78.96552400000002,0.904258,8.925514999999999,141.22477300000003,1891.3702440000002,28.334734,6.582945,705.9435149999999,43.616935000000005,59.385027,257.834149,564.4571340000001,19.19484,49.52300999999999,27.981348999999998,88.21837100000002,6897.3528049999995,78.53206100000001,16.829,24.352595
2013-01-01,127.156308,669.5226269999999,81.477716,554.552646,1635.9885819999995,119.84013800000001,26.255730999999997,21.787747,218.611519,14.226450000000002,51.256282000000006,531.9044860000001,0.773798,289.34926399999995,43.752343,195.863647,202.08446199999997,83.25382499999998,1.466709,2.250687,724.4493550000001,578.2281989999999,185.789,23.035159,70.52491399999998,1.6377449999999998,3.353704,134.234518,2027.2349989999998,40.024401,22.12153,659.0162480000002,50.293181,103.26529200000002,282.557,989.518604,107.080882,36.576944,66.35174599999999,75.95103299999998,6829.797820000001,114.685334,22.584,24.28298
2013-02-01,118.88700499999999,702.66744,61.305592999999995,475.10092,1452.303586,105.652292,25.848667999999993,24.472167999999996,293.102549,15.582335999999998,45.805949999999996,421.89030999999994,1.154659,272.521166,42.105549999999994,184.01615900000002,187.93578600000004,80.71619500000001,1.4633600000000002,15.003873,463.46408299999996,688.4979820000001,175.655,20.585717,80.03460400000002,1.405675,2.660609,151.37603700000003,1730.5606379999997,33.722197,33.398146000000004,542.610377,45.053011999999995,128.28947,232.158,1011.0907250000001,48.719013,29.017758999999998,66.23165300000001,54.91843700000001,4485.998762,109.571093,19.096,21.764231
2013-03-01,109.25549300000003,577.622478,92.475193,517.650371,1727.93194,103.67249800000002,27.807039,20.737586,238.04359900000003,6.4999709999999995,62.728531000000004,419.0125030000001,1.3400819999999998,303.511627,52.494978,202.882914,194.14131600000002,116.584639,2.88072,95.359791,439.5290500000001,458.745163,153.22,28.190916,80.390735,1.608172,2.993881,305.74762699999997,1995.7515080000005,32.331618999999996,66.54118900000002,544.8684459999998,47.399256,122.018326,340.152,819.072832,9.093513000000002,32.652572,59.100602,71.29482499999999,4082.6678190000007,105.75868899999998,25.229,28.564583
2013-04-01,109.55648300000001,498.162033,149.32617599999998,517.042179,2183.185665,82.19918700000004,33.008032,19.758833000000003,242.145205,2.732473,67.47537200000001,936.1591400000002,1.2568730000000001,273.517461,65.685569,228.66731099999998,180.94736600000005,188.66312499999998,5.392131999999999,146.31410699999998,797.533811,386.294105,162.228,30.324199999999998,137.64255899999998,1.456209,4.291792,334.40656399999995,1767.9052970000002,34.333132000000006,192.89931399999998,581.554999,54.022231000000005,110.639825,297.282,624.98946,3.3072639999999995,46.808145999999994,83.22925599999999,101.48049299999998,6654.895425000001,116.65187100000003,23.77,45.127146
2013-05-01,99.59669500000001,665.810569,166.415815,518.588579,2625.0077679999986,113.72213000000002,29.874615,24.745386999999997,344.717849,8.709755,72.326531,857.823346,1.344191,284.031541,52.88955300000001,133.08862299999998,194.667371,138.00810099999998,6.235327,161.94294699999998,1264.4469999999997,600.020218,177.125,32.504366,108.11684899999999,1.4482899999999999,4.936221,303.08061100000003,1831.724534,58.291382,185.96570499999999,589.8064259999999,38.195355,165.52839099999997,299.228,866.214763,4.709465,53.836575,108.68913400000001,70.799107,7247.825686999998,156.97315499999996,23.204,65.81687699999999
2013-06-01,88.37305300000001,435.395075,276.975869,607.558861,2776.224625000001,121.02142300000001,34.225463000000005,20.899601000000004,233.59856,6.763904,70.56975600000001,880.3499690000001,1.565827,224.859098,59.88920999999999,136.421936,240.97101200000003,91.891532,27.427728000000002,142.076972,1269.8970310000002,517.673299,167.066,31.714851000000003,111.535859,1.4126130000000001,5.170389,277.70290399999993,1782.1737919999996,57.21796400000001,233.38683600000002,531.8513480000003,38.365603,155.228152,287.721,919.888496,39.68854100000001,56.390509,88.47466600000001,93.70834600000002,7381.915955999999,152.197596,22.652,112.13434299999999
2013-07-01,91.88453000000001,613.405167,139.164435,597.9817780000001,3097.703555000001,97.828237,30.540909000000003,33.622806,524.801832,3.3845389999999997,68.571186,951.6909389999998,1.3205639999999998,304.380993,61.573495,162.770353,195.03991699999997,34.404421,7.868761999999999,38.893142999999995,977.6720890000001,729.9689309999999,177.564,30.816671999999997,107.76547599999999,1.611538,4.734694,247.120388,2050.003242999999,40.577494,63.839731,487.4117109999999,39.648984,389.436778,404.142,965.2629710000001,50.878966,51.63862900000001,132.458013,88.715762,7047.507962,107.36324300000001,23.851,135.21738
2013-08-01,105.10663400000003,410.16919900000005,243.14505900000003,543.986635,2547.5829349999995,26.968929000000003,18.060805000000002,20.875098,358.64006100000006,9.263495,83.588673,732.5968259999996,0.879092,264.792625,29.280182999999994,73.02191400000001,140.113989,32.940405,3.2885929999999997,108.712027,634.382041,420.54691099999997,178.273,37.565701999999995,44.666497,1.482972,3.637707,237.14234699999997,1947.5211029999998,63.225449000000005,191.211493,381.036675,21.443089,267.65822000000003,449.73,689.8747829999999,27.245060999999996,39.67441699999999,65.58349100000001,45.67684299999999,5439.01292,174.269729,19.867,100.98597500000001
2013-09-01,89.32807200000003,315.562519,194.89168399999997,414.14804300000003,1710.3014219999993,43.73955199999999,20.498901999999998,14.165875,214.947215,1.1540540000000001,73.770142,456.97710800000016,0.8269580000000001,188.856386,35.04719799999999,53.253741999999995,156.71991699999998,25.815518,3.809179,13.12583,409.012586,349.119002,145.769,33.153142,51.786176999999995,1.354719,2.49684,182.446445,1789.9429830000004,56.01614899999999,104.597077,419.4109339999999,16.886962999999994,126.08545200000002,526.135,753.3989819999999,15.590258999999998,27.231628,42.098373,43.729381000000004,3556.072622999999,152.20606299999997,13.571,41.045624000000004
2013-10-01,196.39618600000003,306.476875,95.995842,403.48864399999997,1367.422669,12.829032000000002,18.298738,13.802766,225.90057699999997,3.482867,53.182007,377.5124510000001,0.7979369999999999,169.815511,22.782713000000005,83.841971,153.254955,42.21252199999999,3.5902580000000004,10.327727999999999,514.3890210000001,358.601553,116.5,23.900598000000002,48.26785600000002,1.4709210000000001,2.539572,206.69418100000001,1924.0682869999998,59.16689199999999,26.13489,469.7867970000002,23.060298,86.447067,351.91,754.24685,6.589708,27.697678000000003,28.256888999999997,32.947523000000004,4132.831815,160.326199,15.773,20.068971
2013-11-01,128.396591,312.575586,92.26087,370.963151,999.1129529999994,12.268662999999998,20.159389,13.470415000000001,198.11010000000005,4.078008,48.720751,328.16473299999996,1.048336,160.505892,40.64952999999999,76.607258,140.451259,56.60869700000001,3.669285,23.0826,707.9078000000001,297.599654,70.664,21.89566,63.299488,1.647041,2.606398,141.78065899999999,2162.4507080000003,61.537909,93.55956,461.22535199999993,23.554654000000003,148.16814900000003,352.739,664.2555590000002,85.98419100000002,28.426515000000002,30.696895,69.38277399999998,4535.533353,145.62061899999995,24.89,25.29568
2013-12-01,140.45938,712.3214320000001,167.246748,393.59619299999997,889.6097800000001,69.063919,22.520439000000003,25.875718,416.497934,2.416788,46.974819,358.99427,0.863683,345.740436,47.549728,196.584172,147.94201,66.32002000000001,4.7934019999999995,11.335295,628.483912,597.8444840000001,142.568,21.111016999999997,75.87940100000002,1.738105,2.6451930000000003,160.21071899999998,2126.2626760000003,8.618412000000001,70.65152900000001,517.683687,60.847394,186.28487800000002,238.854,982.6709750000001,81.155137,28.849628,64.211542,79.93447599999999,5090.5008579999985,46.648469,18.74,20.52938
2014-01-01,138.373142,677.2729619999999,235.80648700000003,498.614349,787.600179,136.233596,32.136663,33.567305999999995,437.07298299999997,7.52177,54.66587199999999,361.159499,0.862248,355.531549,49.194086000000006,204.150459,207.383909,55.084265,6.152844,43.386466,524.944186,702.661705,159.198,23.263551999999997,102.130738,1.3973,3.6636990000000003,170.33910500000002,1884.1482670000007,16.655232,70.617636,540.1808340000001,33.975522,372.513825,289.882,969.3736179999999,16.425408000000004,35.153838,119.464344,87.92538899999998,5045.162292999998,112.10813100000001,18.39,22.636821
2014-02-01,124.80737999999998,573.260937,135.34104399999998,440.46865399999996,705.0037999999995,140.928588,23.697836,19.996003,285.60905699999995,6.185366,43.968046,387.90838599999995,0.8128929999999999,268.152309,31.666623000000005,102.48196,180.497597,43.009429000000004,5.3896169999999985,13.753855999999999,475.8342359999999,460.47974700000003,143.583,18.710998999999997,55.51579300000001,1.257682,3.525678,199.679773,1797.7601520000005,12.314277999999998,40.35772599999999,520.25346,16.900989000000003,141.66848800000002,251.546,803.631719,19.787253,33.829497999999994,80.171426,49.822270999999986,3567.9829259999997,84.092791,16.404,21.255497
2014-03-01,112.847922,409.81870299999997,179.60796800000003,518.911289,926.7826750000007,165.59171799999996,21.553335999999994,21.042561,229.091453,8.475686,55.81265199999999,1025.050608,1.2660609999999999,228.32964900000002,34.02724200000001,197.939585,154.59248200000002,101.371157,8.836134,18.57958,733.454351,361.150555,147.774,23.751578000000002,51.23658900000001,1.47806,5.6243360000000004,287.135889,1993.4454570000007,36.605087,65.08738699999999,880.095834,35.765524,209.51299500000002,348.413,508.0003219999999,38.104813,53.966489,74.59057399999999,46.177256,5700.555886,160.95969200000002,22.31,36.481807999999994
2014-04-01,121.09474699999998,487.49894300000005,242.947714,526.724066,1383.0437260000003,161.89161900000005,39.103491999999996,22.963115,353.48999399999997,6.777995999999999,79.69272799999999,1048.291865,1.1536959999999998,176.232792,50.869928,248.84727900000001,199.49637200000004,219.474586,13.987722000000002,33.154246,1417.6289509999997,304.63305099999997,197.27,33.913959000000006,180.27097899999995,1.526443,7.204957,286.248685,1941.2451030000004,45.458296,53.869881,687.7853560000001,52.850846,207.421485,507.594,305.1169459999999,48.031511,69.132816,101.76967400000001,101.551815,6267.6051480000015,141.853162,21.621,74.198732
2014-05-01,105.81897900000001,270.98686100000003,156.807637,483.743984,2016.813549999999,170.94778800000006,43.779292999999996,19.663644,217.65863700000003,5.217899,71.11513000000001,729.4122090000002,1.407688,227.61176799999998,60.13183000000001,270.088449,245.53230100000002,190.72497000000004,14.602139000000001,9.451353999999998,1380.2617589999998,296.794157,263.658,30.263685,182.02924099999998,1.616762,6.5545990000000005,295.204563,2142.095192,34.566853,57.158692,669.0082150000001,45.63165300000001,115.31176199999999,412.075,288.95195,50.38281599999999,62.892523000000004,97.722646,115.30538800000002,7040.630847000002,146.56468300000003,12.771,90.054899
2014-06-01,98.363202,286.28229000000005,220.25075400000003,535.7211229999999,2159.9989619999997,143.26081,28.554098,15.038628,177.080821,4.873895999999999,71.886595,812.792215,1.2639150000000001,213.799238,39.09346299999999,145.36415,205.03523599999997,56.521747000000005,13.301671000000002,48.539815000000004,1277.0091179999997,321.56823599999996,277.587,30.59199,78.15035999999999,1.4618630000000001,6.499158,233.65856200000002,2045.1185779999996,50.593634,162.586592,645.4383779999998,26.101145,88.519286,360.485,373.08882800000003,41.524729,62.36055200000001,64.358062,69.551974,7381.136809999999,184.323625,11.1,128.331341
2014-07-01,92.97650099999998,222.780484,192.212468,645.4946410000001,2257.2886419999995,133.219279,27.760938999999997,12.29932,221.386195,8.152256,82.85153100000001,1080.5182750000001,1.189396,182.67577000000003,45.778724999999994,84.78031,196.054065,66.75661699999999,10.493058000000001,25.217063999999997,1168.719565,239.06483599999999,281.71,35.258215,68.89451600000001,1.45554,7.007925,205.191529,2116.250823,62.104130999999995,68.632633,555.822317,14.891974,92.079938,491.045,396.261575,21.869476000000002,67.242265,55.13517,49.016976,7196.9397850000005,229.71583399999997,4.854,158.587739
2014-08-01,115.63359799999999,242.23780100000002,158.95101,573.800406,1846.0268380000002,60.230095000000006,25.448284000000005,14.558466000000001,220.816387,7.516811000000001,87.323427,720.5796089999997,0.927014,213.712395,33.503332,79.993753,199.866777,39.099483,6.12371,20.9806,674.4306409999999,323.445713,274.071,37.161272000000004,56.128643000000004,1.431505,4.829554,165.18892599999998,2084.648338,61.60405899999999,69.55260399999999,419.740233,14.022713000000001,113.33299600000001,544.704,601.5851729999999,34.543653,46.340412999999984,61.320209,40.37066099999999,5330.570986,180.186439,13.209,98.63029300000001
2014-09-01,178.94709100000003,223.71132999999998,109.229048,466.967122,1215.381761999999,122.89159000000001,15.915182999999999,12.037733999999999,180.44837399999997,9.74639,95.374826,466.0437989999998,0.9504239999999999,193.875384,12.505908000000002,41.229225,156.35196000000002,46.22938799999999,6.089208,13.302095,618.0289050000001,301.20906499999995,234.415,40.58761799999999,22.943896000000006,1.303535,4.009068,168.563172,1944.8446399999998,59.265335,42.471478000000005,417.53056500000014,7.060753999999999,83.00396199999999,677.531,574.1232640000001,29.353208,38.467706,52.081877,15.893959999999998,3274.7551610000014,206.56561100000005,10.817,62.671912
2014-10-01,130.160472,383.15430200000003,120.457703,429.116034,975.0805469999998,40.08488599999999,19.963566000000004,13.021861000000001,193.007198,9.684192000000001,98.761361,356.1693049999999,0.9262340000000001,229.024092,29.777826,61.941593999999995,145.786957,65.779126,5.687049,53.291448,557.254924,316.942863,210.225,42.028789,44.136927,1.375035,3.2928919999999997,102.79610000000001,2026.419691,36.006306,95.369129,443.3147170000001,10.703794999999998,72.99449500000003,707.59,796.5474940000001,55.776286,31.595875000000003,47.746556000000005,51.19974399999999,3788.6932260000003,184.864567,12.209,31.103367
2014-11-01,134.011454,390.743667,95.90649299999998,485.556096,805.2499020000006,8.241881000000001,21.746911,10.725435,172.723193,10.95807,79.740419,346.24542099999996,0.713403,276.371418,36.311243000000005,3.795816,146.79704999999998,85.443866,5.060008,12.706264,742.792691,258.23114799999996,188.83,33.934253,55.04276200000001,1.428496,3.857688,154.793098,2117.2239399999994,35.567451999999996,33.616617,517.507967,9.179349999999998,76.09558899999999,569.617,814.8058120000002,11.012936,37.015186,35.540302000000004,52.174578000000004,4661.898192000002,188.697893,12.348,18.279332999999998
2014-12-01,152.973512,495.19471999999996,110.379674,513.143236,952.6785720000006,66.97807,31.928248999999997,16.473927,217.96970800000003,8.972758,54.897413,476.472821,0.641028,306.362636,56.046865999999994,174.91042000000002,196.18256299999996,123.39336600000001,5.557840000000001,29.412212,960.0216730000001,270.733164,153.039,23.36209,95.408556,1.563779,4.608446,120.20059800000001,2156.514819,22.400557000000003,47.586625,687.7101210000002,31.453734999999998,98.74417899999999,334.689,691.597299,19.086156,44.218839,65.05287,88.984988,5922.231429999998,148.62159199999996,11.095,23.844407999999998
2015-01-01,147.93493999999995,605.275519,151.71114300000002,534.9854799999999,818.5615309999998,159.286613,22.635038999999995,20.767027000000002,255.186436,0.091883,68.30477499999999,577.661349,0.7696770000000001,328.103602,51.026561,110.067841,224.84304400000002,72.787791,12.2637,20.650448,748.637711,366.5668599999999,184.841,47.559115000000006,64.22651499999998,0.758534,4.065321,265.3854490000001,1948.878387,21.378096999999997,39.807038,692.6819970000001,28.341334000000003,136.33329,373.537,756.409798,130.52644899999999,59.890274999999995,69.910736,57.22985099999999,6776.755771999999,127.689139,10.556,25.028755
2015-02-01,124.302022,373.540778,114.707232,382.707207,864.2554940000003,107.06665000000001,17.968162999999997,14.910053,217.189086,0.11559399999999999,65.248585,825.9911379999998,0.5264679999999999,264.950243,30.090089000000003,49.906228000000006,191.966849,42.347902999999995,8.946041,41.37614,749.5524379999999,271.29589200000004,196.522,45.431157000000006,51.289961999999996,0.633072,3.8816550000000003,197.85159,1698.7451139999996,37.665594999999996,39.458207,690.8105250000002,11.867869000000002,89.228617,322.73,585.315539,7.917541,57.18451000000001,53.317433,37.923385,6520.983251000001,137.728592,8.722,21.479384999999997
2015-03-01,102.701024,526.797009,164.881137,604.553522,869.5940409999997,91.956432,17.375442000000003,21.9468,201.64063799999997,3.2425900000000003,76.638183,652.4035790000004,0.906067,313.078825,31.562536000000005,223.52129300000001,194.75098899999998,131.285936,18.427378,20.890911,822.6345990000001,313.812428,182.874,53.36148300000001,39.825081000000004,0.796791,4.320970999999999,221.629144,1948.7382309999996,7.351791,77.557568,629.323421,51.847834000000006,120.47297699999999,424.419,869.2598,81.26440099999999,63.65650899999999,71.37510900000001,40.126008,6513.702242000001,55.54558099999999,5.59,36.164368
2015-04-01,124.513953,557.105244,236.214374,567.945012,949.2574199999996,28.891593,28.036082999999998,26.379772,238.79638500000001,15.042179,86.879862,878.4279210000002,0.9313329999999999,344.47519400000004,61.04117299999999,314.12798200000003,191.02702900000003,180.33209800000003,23.512455000000003,41.178991,976.1555550000002,342.731832,193.124,60.492538,154.90537,0.8148650000000001,4.972733,258.091651,1862.7569039999998,10.808396,152.575065,447.79622799999987,75.29468000000001,147.75521999999998,474.204,620.9092800000001,138.044988,73.25826199999999,89.88765499999998,98.485888,5253.550705999999,60.77466,7.737,95.36429799999999
2015-05-01,120.92244599999997,220.196716,212.417826,564.133997,1212.8273269999995,112.45773499999999,21.321284000000002,14.676476000000001,175.366493,15.125170999999998,89.36763400000001,685.5563050000004,1.2195239999999998,187.53757199999998,38.191016,109.41144800000001,180.024214,0.2977000000000001,28.896632000000004,86.94467900000001,1167.6962870000002,206.112233,213.663,62.22471999999999,95.87408799999999,0.7597970000000001,4.970275,195.928105,1961.599811,48.433322,247.91074700000001,419.7680989999999,27.772079000000005,95.99398000000001,440.425,257.02857399999994,129.575539,73.222042,53.958648000000004,81.535285,5062.689845999998,197.94397499999997,11.284,96.385757
2015-06-01,104.740669,213.87385099999997,206.96095799999998,602.901465,1492.2233399999996,200.757421,28.594569,15.530061,198.58791900000003,5.373689,96.70082799999999,748.8354460000002,1.361464,166.805777,57.539365,151.819955,207.23279500000007,143.34280800000002,37.75887300000001,181.418239,1084.603423,225.24356100000003,195.675,67.330663,156.83314199999998,0.783042,5.067921,196.273649,1967.6913600000003,34.576918,333.357704,373.49849900000004,38.042112,77.20840000000001,406.108,394.39136699999995,158.655057,74.660566,42.885735000000004,106.66431599999999,4864.576763,162.31534099999996,8.424,99.935424
2015-07-01,92.22879800000001,338.721491,260.98307000000005,712.135755,1842.732268,137.135285,18.619704000000002,19.344699999999996,209.17701399999999,2.8632020000000002,104.39885999999998,877.8922809999999,1.380566,308.859681,41.76223100000001,220.686404,159.213533,54.77689700000001,31.198054,185.687819,661.1068190000001,254.178626,202.296,72.690631,74.26799799999999,0.933255,4.6205609999999995,164.92217100000002,2309.289668000001,37.67948499999999,276.94885100000005,364.4899899999999,53.479542,75.64482499999998,438.516,712.2891340000002,46.994144,68.07006600000001,58.274055,81.68851100000002,4748.236805,137.16014800000002,10.297,118.34953999999999
2015-08-01,107.85507899999999,264.592531,381.353972,616.72199,1630.6908760000001,96.80555299999996,14.165968000000001,12.469389,201.715802,16.195166,91.45473799999999,624.8107010000001,1.1531770000000001,264.209843,20.721640999999998,55.248824,156.69893399999998,48.52519,20.360644999999998,59.838674,479.228886,222.01383699999997,193.66,63.677925,41.845166000000006,0.8418680000000001,3.6919920000000004,161.473642,2272.173629000001,49.940180000000005,124.03039700000001,344.59726700000016,13.461867000000002,75.63128999999999,472.289,626.5261800000001,43.607819000000006,54.39040199999999,43.32092099999999,32.94354500000001,5074.783534000001,192.27175400000004,8.817,109.27466700000001
2015-09-01,131.68988399999998,197.883907,308.050381,558.395402,1325.516534,99.91740500000002,10.582758999999998,11.074534,181.57671100000002,16.381897,75.75487600000001,494.2584140000002,0.856563,172.051366,12.546352000000002,35.302997000000005,135.76425700000004,55.446722,40.345644,18.543466,474.61944500000004,219.00512299999997,152.752,52.74645700000001,22.086122000000003,0.7696280000000001,3.267883,142.325703,2103.5883059999996,27.334426,39.247398000000004,385.2385820000001,7.463808,63.060856,460.044,482.533816,47.614498999999995,48.142428,40.130697,19.153226,3610.4441130000005,138.177845,7.97,72.35436
2015-10-01,132.55824399999997,329.25803,266.647219,439.866209,867.8981019999999,105.82380000000002,15.493028999999998,22.033307,193.05989799999998,13.222297000000003,62.802806000000004,332.50806000000017,0.550912,206.781199,23.580599,97.68883,155.667879,52.618567000000006,32.126848,5.01495,475.07287700000006,467.661504,124.24,43.72821400000001,54.60767799999999,0.769295,2.685294,135.510152,2051.3299680000005,48.07064,12.193367,395.7106279999998,15.631516,171.832657,402.513,731.8053929999999,23.451861,39.559718999999994,92.28513600000001,39.570564,3822.603406,194.86032,9.437,21.056
2015-11-01,165.85530199999997,495.810453,144.532891,419.328664,618.3018479999998,12.006249000000004,15.715746000000001,30.560200000000002,358.52877,18.655265,59.522656,346.877606,1.0019939999999998,237.247054,37.126757,106.14269,141.366927,93.40354199999999,36.150582,28.713695,569.5566970000001,568.134401,117.113,41.444318999999986,55.19037799999998,0.825105,2.844613,162.150328,2145.776676,76.83081899999999,81.57368,439.08680199999986,26.963363000000005,343.80903099999995,349.244,780.5857020000002,64.944551,41.90681000000001,35.180533000000004,52.99697600000001,4586.198558,266.172593,12.678,33.573379
2015-12-01,172.530639,715.8316990000001,357.6217659999999,532.0472970000001,827.8713189999996,145.689264,23.118693999999998,34.601681000000006,361.381848,14.861377000000001,75.35320000000002,424.87607000000014,1.247255,335.60564400000004,57.721149999999994,149.265508,182.35055,164.181846,45.33114799999999,148.659988,801.318263,668.3877029999999,137.408,52.466778,100.96712999999997,0.8557480000000001,3.698781,162.594416,2180.108946,52.448330999999996,302.539978,503.7579620000001,36.749995999999996,306.95645700000006,283.305,921.496417,83.067151,54.490411,122.43334200000001,88.430445,4925.734244,187.80366200000003,11.347,35.815067000000006
2016-01-01,153.61242599999997,915.2892879999999,412.211801,618.708887,1032.0170690000002,165.342617,18.354237,35.240888,576.674171,5.524628999999999,115.94654500000001,489.14148599999993,1.2225639999999998,298.9332059999999,48.59170300000001,209.427584,214.298377,106.519447,42.058396,197.852024,538.841114,872.8224680000001,163.44,91.93735500000001,75.54689300000001,0.851146,7.175015,98.572801,2168.5155000000013,48.93713100000001,332.100605,644.5595430000002,47.722617,445.554334,445.978,971.3828499999998,92.193061,47.291112999999996,152.72940899999998,90.90022,5250.056453999998,213.57700699999995,32.605516,34.115992
2016-02-01,126.66751599999996,765.805587,473.271506,588.831389,1476.4730420000012,158.81312599999995,18.942572999999996,25.956167,337.9030830000001,4.080311,72.99417199999999,451.3106429999998,1.0166149999999998,344.04342099999997,47.56103,257.76657,208.217292,153.819276,28.129938,75.711491,482.863236,672.4697319999999,167.841,57.87918099999999,95.282497,0.825095,6.63965,89.34503099999999,2033.3294350000003,15.577172000000001,63.863689,653.947921,59.163595,199.89097099999995,293.99,961.4753279999999,88.46601999999999,43.762488000000005,135.98359000000005,94.52644300000001,5114.9362790000005,99.72720599999997,30.279344000000002,25.727899
2016-03-01,161.90485100000004,514.024106,301.876167,662.3222850000001,2673.777345000001,166.25608399999993,22.582106,20.033068,286.618242,5.9026819999999995,69.186674,758.7884469999996,1.2841029999999998,244.858743,64.80249,196.682338,215.78984599999998,216.88571800000003,63.488150000000005,27.066283,672.0514179999999,461.79185600000005,151.094,54.86010699999999,130.34331400000002,0.8510220000000001,8.983584,174.60369400000002,2175.5586129999997,30.572803,122.608091,847.287184,46.03156200000001,167.56222999999997,298.371,571.9357440000001,100.103284,59.21155400000001,109.916588,127.54062199999998,5990.420457000001,158.98611000000005,33.973097,31.886644
2016-04-01,101.60971300000001,281.39387800000003,178.067552,624.2006289999999,2661.9780490000016,86.20683699999998,22.314395,12.362677,208.033403,6.919463999999999,64.259551,1122.5255170000003,1.0057429999999998,148.786934,60.64539800000001,137.906549,203.77301,176.466846,47.674187,21.717485,870.2410460000001,192.30086899999998,135.76,50.953249,138.44603400000003,0.83629,10.844636000000001,231.10176,2201.9647180000006,48.577179,118.29486200000001,763.7481120000001,33.304652000000004,108.688077,325.97,212.58315199999998,182.31408399999998,71.47790499999999,88.890104,119.42055799999997,6419.313692999999,208.80564900000002,28.714418000000002,62.598546
2016-05-01,67.301072,156.87895799999998,154.216913,590.727882,3087.329470999999,111.83239199999998,16.044612,15.191995,176.22927200000004,4.546385,61.254594,954.5652730000002,0.977025,211.117399,35.79041700000002,157.92999799999998,156.895739,94.16621999999998,38.73069499999999,86.705889,1337.618647,284.734855,171.079,48.570533,92.14522,0.8520059999999999,12.24069,197.08249800000002,2220.343713,31.989584,242.497402,660.0945620000001,39.11303900000001,127.04777299999999,200.975,172.10930500000003,256.615557,80.679414,131.16279100000003,47.83051300000001,6260.9718539999985,150.707675,40.797872000000005,157.53423999999998
2016-06-01,78.025499,148.310911,205.361579,641.0163940000001,3200.7776359999993,169.213371,9.672210000000002,10.095299,179.56283299999998,6.163045000000001,79.690744,783.1778959999998,1.023795,154.476658,14.983054999999998,67.46244800000001,127.637826,40.852319,40.29249100000001,62.651953999999996,978.282709,200.637979,194.154,63.189085999999996,36.31956600000001,0.7782089999999999,10.924266,198.099518,2133.774335000001,46.867845,172.362978,518.1073369999999,17.74553,77.421586,346.967,289.41997200000003,287.09356799999995,72.002755,75.767679,51.256516000000005,6172.814080000001,209.04269800000003,31.307973,190.454195
2016-07-01,101.24668999999999,145.053991,202.116044,715.548331,3328.3046069999973,144.33633299999997,10.218854,9.613356000000001,158.64590099999998,5.512349,96.420709,877.7740719999997,1.050462,223.384217,11.906678,33.675801,149.796567,30.937232,57.514385,74.14624099999999,712.1592049999999,220.99420999999998,194.709,76.45475699999999,34.9446,0.7555879999999999,10.127316,158.483034,2124.7059940000004,46.530680000000004,116.22641,421.6888920000001,7.687608999999999,78.886318,459.244,336.25709200000006,57.137598,66.74998699999999,83.99761699999998,36.90735600000001,5342.62277,221.84676500000003,29.846246,154.59656700000002
2016-08-01,146.93138399999998,202.00922700000004,151.85664799999998,654.168718,2767.1197190000007,90.79518099999999,8.709291,10.596578,194.89919000000003,7.854845,94.676942,744.9842030000002,0.7965120000000001,260.36225,10.877575,45.227165,129.54991400000003,36.538025,55.52308,44.66227,480.90340000000003,276.37230200000005,191.332,75.07207500000001,30.868446000000006,0.7489389999999999,8.16544,130.72122699999997,2084.6820150000003,53.994211,73.557481,364.97249100000016,11.713087000000002,70.40907699999998,475.758,589.2659189999998,82.017904,53.81909600000001,80.154045,28.74280299999999,4710.325925999999,234.23563099999998,24.477321,112.154575
2016-09-01,192.36184800000004,144.858943,187.121046,566.046367,2217.3707359999994,141.33517299999997,7.825916,7.641934999999999,154.70540000000003,11.427498,72.78946499999999,451.5547099999999,0.6330260000000001,141.164703,2.8011099999999995,25.154902999999997,131.52846199999996,35.799881,58.94110599999999,42.591506,472.087228,180.73231200000004,154.706,57.716863,22.167300999999995,0.675172,6.695691,124.67965199999999,1902.2062899999996,32.210393,139.081814,407.2908960000001,6.194654000000001,66.47808000000002,363.047,373.927432,78.76787,44.13185800000001,65.005104,10.277998999999998,3476.494728,139.12586000000005,12.065163,52.640379
2016-10-01,178.076703,134.111357,156.23865899999998,444.636213,1659.57718,95.01222600000003,8.024327999999999,10.878378000000001,164.470401,12.871144000000001,58.045181,379.37448600000005,0.923077,98.79772899999999,13.134414000000001,62.7337,119.463404,65.852802,66.060625,43.365833,551.67125,266.64706100000006,122.105,46.025696999999994,25.802343999999998,0.71384,5.989714,114.517786,1957.079013,47.589130999999995,134.563538,485.2313499999999,15.862457000000003,72.228951,284.415,348.863362,25.506536,39.478704,111.320647,4.226885,4342.326906999997,205.284085,27.534029000000004,19.427456
2016-11-01,148.492858,123.944539,80.872254,466.97172099999995,1605.5613569999998,5.443268999999997,10.255036,6.880423,156.190076,9.273828000000002,58.162065999999996,384.5451859999997,0.9327190000000001,87.95706799999999,29.478144,59.815097,120.44666099999999,46.450216,45.99547700000001,13.412711999999999,1027.031149,115.84752999999999,118.783,46.118376999999995,42.29809800000001,0.77278,8.024569999999999,186.820775,2119.0407480000003,55.08677600000001,22.305016,513.2421569999999,16.634989,51.84510099999999,310.157,261.438889,59.66356,52.890613,27.980062,17.085506000000002,5349.115241000001,235.27446399999997,26.64378,26.117708
2016-12-01,163.80543999999998,218.083215,106.94883099999998,594.584184,2216.2722789999984,111.25939100000001,14.888442000000001,10.060236000000002,177.39402800000002,10.77282,64.45436099999999,426.1731809999999,0.9263589999999999,194.536672,44.26100600000001,138.40484700000002,140.46090199999998,80.352018,61.11346999999999,13.430312,1084.139594,142.276826,147.002,51.10772,83.88671699999999,0.817913,8.670428,85.19122399999999,2134.368626,38.292095,21.387114,578.3281800000001,36.074209,57.47550199999999,325.438,448.834955,28.722958000000002,57.147513000000004,52.37136399999999,66.22857900000002,6502.667611,167.11256000000006,36.546241,27.675989
2017-01-01,194.06126400000002,458.61593899999997,110.08566899999998,597.5272759999999,3678.2583779999986,201.87622299999992,16.440796,23.294118,239.45893500000003,8.110971000000001,68.690015,721.6497120000002,1.727855,222.07645600000004,74.39430799999998,227.324066,143.611556,100.935658,52.953559999999996,50.890260000000005,797.6734110000002,282.159445,198.81519,43.050095,78.20314299999997,0.559,4.829394000000001,84.670027,2252.666958,26.936344000000002,78.14683099999999,861.6051659999997,32.826269,140.119844,404.530954,640.119544,92.972134,97.763519,71.80908600000002,71.30141299999998,6535.271347,222.78392099999994,45.453406,81.98569499999999
2017-02-01,89.03914600000002,305.070355,37.732645000000005,528.008644,3449.5227880000007,178.74864800000006,17.752684999999996,19.630506,199.560529,3.711027,83.926967,624.138256,1.8559520000000003,195.769033,57.71205299999999,205.343143,164.35098999999997,109.54964699999998,54.246529,46.900331,689.8893989999999,189.520386,183.15242,39.658586,77.65055600000001,0.969,5.519304,63.041692000000005,2100.4334050000007,22.736248,47.313629000000006,839.9342879999998,49.093157999999995,65.278123,372.661783,463.7827919999999,87.40288600000001,84.66385600000001,48.851153000000004,61.49654400000001,5272.876383000002,165.458891,38.304661,70.907543
2017-03-01,79.51143100000002,409.506714,75.203663,643.22454,4336.233373,170.535876,26.598937000000003,20.958881,191.62135800000004,3.317679,111.09218,831.9094639999997,2.122243,282.836684,66.72196399999999,243.750095,223.40021,101.847733,55.794609,48.092001,919.5486860000001,101.31380100000001,187.44317999999998,40.587679,96.11530499999999,1.929,4.829390999999999,146.37940600000002,2386.6946279999993,26.004510999999997,61.325515,999.7657289999999,70.24148099999998,61.768546,381.392221,638.3997730000002,84.27973600000001,112.572826,47.12440499999999,54.927032999999994,6325.929438000004,192.15428199999997,40.896697,94.51216299999999
2017-04-01,134.381144,374.635794,271.371403,592.8082800000001,4246.276291,197.95505799999998,49.045550000000006,25.552844,161.01259299999998,5.621514,106.06277,811.2779800000002,1.212876,205.67376599999997,83.41495400000001,298.815631,253.687,95.56458600000002,55.771416,54.272016,896.7437439999999,271.18201400000004,206.75159,44.768593,134.21797299999997,3.965,7.589042999999999,166.26507500000002,2229.649679999999,21.530347,132.489913,915.577123,58.31122700000002,206.88953400000003,420.679213,542.081943,67.78237200000001,109.521148,61.062684999999995,90.49130099999999,6570.437663,182.77273499999998,49.860817000000004,92.258336
2017-05-01,145.460609,521.289288,112.416538,595.582897,4808.041620000001,200.09356900000006,43.85815699999999,26.227669000000002,189.14287099999999,6.087904000000001,114.25515,820.409045,1.326834,224.33271900000003,90.88589599999999,242.954943,277.314715,86.74791599999999,70.834743,108.960291,906.836754,593.989169,387.0385,83.80670100000002,140.53441600000002,3.139,13.108348,169.84897599999996,2366.4046830000016,21.008475,73.656446,939.4789499999999,67.441549,228.912125,787.5105099999998,705.3912520000002,78.04537400000002,110.938542,83.66641300000002,101.234672,7197.525548,173.46021400000004,51.177589,93.20661600000001
2017-06-01,85.93565799999998,350.71956600000004,259.872424,603.8566629999999,4357.139938,235.75781099999995,22.35033,21.091853999999998,199.81998199999995,3.5629470000000003,103.90688,861.4016370000002,1.629188,267.953841,58.327563999999995,174.026549,193.23376,83.91036900000002,60.380863999999995,57.149423999999996,952.1477919999998,460.33035500000005,222.89445,48.264058,107.31147100000001,0.657,11.727522,193.89457,2390.1813660000007,21.426429,135.98113199999997,906.3327940000001,39.446115,100.28614900000001,453.5252239999999,567.0840999999999,89.225916,115.03285099999998,85.405901,116.176605,7261.661764999998,164.10411,41.156163,99.66354199999999
2017-07-01,72.000985,328.948161,326.12681200000003,676.87584,4233.914744000002,186.88892200000012,16.272291,18.160876000000002,205.82006800000002,3.0028829999999997,105.05469000000001,922.1793060000008,1.727568,344.05886000000004,31.569913999999997,148.237429,183.726512,92.575026,52.420147,70.812585,1019.3282180000002,250.94297400000002,262.89153000000005,56.924755999999995,89.50131900000001,1.022,6.89913,192.637101,2479.863435000001,22.059069999999995,167.331551,528.008539,33.937698000000005,77.210683,534.907626,605.6503720000001,103.398401,122.949003,99.42028800000001,94.39349,5981.859885,165.27925699999997,35.436997000000005,106.674607
2017-08-01,106.57386899999999,306.701682,268.655079,654.1481009999999,3778.392761999998,43.914989999999996,11.903324000000003,14.844748,197.23432200000002,4.4349870000000005,86.802487,827.3520659999997,1.858837,321.346264,23.326601999999994,100.501914,121.70878599999999,94.196484,51.26053600000001,49.498051,914.5111990000001,252.561195,191.61391,41.490781999999996,55.85330899999999,0.137,6.209217,152.15804799999998,2429.369853000001,22.751093000000004,135.58146299999999,360.38374500000015,24.724504999999997,20.618761000000003,389.878457,565.1085949999999,78.20063999999999,110.30621799999999,90.11587300000001,50.77786899999999,4564.599625999999,165.92400700000002,28.966295,95.863525
2017-09-01,91.80125499999997,249.05855300000005,192.126998,525.525212,2754.207514000001,29.144721000000004,7.582502000000001,10.513012,177.20920400000003,3.8307999999999995,50.156364,655.4200810000001,1.416559,280.989971,19.013956999999998,44.07152,93.74865700000001,95.56458600000002,45.479882999999994,37.363915999999996,724.4666659999999,223.74842100000004,145.96083,31.605372999999997,41.45216800000002,0.027,2.759652,114.84895499999999,2225.6537210000006,20.444352000000002,117.83150499999999,528.2973350000001,8.750096,15.793095,296.987745,474.6156720000001,111.52989699999999,87.38348500000001,80.31519800000002,39.36766599999999,3802.7330169999996,158.645968,20.513855,75.88943100000002
2017-10-01,232.42041600000002,322.2464449999999,184.384284,467.1467,1960.1581790000005,10.983694999999997,8.280573999999998,10.674752,174.657706,9.714777,77.462299,631.2689630000003,1.427523,291.249865,27.515498000000004,48.299127999999996,104.499468,92.524357,62.75806299999999,53.997991,697.7713059999999,273.896296,211.97252,45.899096,39.83692800000001,0.237,6.209217,146.690409,2219.5880299999994,21.666239,107.933846,464.303438,13.956280999999999,85.984624,431.30227,557.06896,91.756113,84.546553,59.273176,23.363748,3417.475832000001,173.88080000000002,20.829455000000003,72.255227
2017-11-01,176.06102500000003,423.79392099999995,138.484645,488.45751,1702.7804989999995,5.442373000000001,19.196971,16.284218,169.914051,7.329503999999999,63.951057,689.2862559999996,1.857683,331.399576,50.99027399999999,161.466603,225.72687299999998,97.54073500000001,60.456239000000004,46.250302,761.900552,222.140968,181.93720000000002,39.39545100000001,96.18331599999999,0.989,4.829390999999999,179.31264199999998,2447.7064389999987,23.754868000000002,85.164531,584.023023,44.803417,106.164688,370.189163,691.7690709999998,79.990615,93.34167200000002,33.87082499999999,75.10481799999998,4009.562518,177.11782999999994,31.775106999999995,78.30892600000001
2017-12-01,176.216198,351.8705730000001,121.81683899999999,458.72934399999997,1768.5450939999998,54.45611400000002,13.708683,11.065522000000001,171.93438100000003,7.350007,52.879158000000004,695.9499539999999,1.508882,321.629965,28.168465999999995,70.667979,172.895473,95.361903,58.75741099999999,51.360832,769.266255,208.332979,201.63569,43.660830000000004,74.90464600000001,0.003,4.829390999999999,202.95344900000003,2481.2248730000006,21.938024000000002,81.84963800000001,756.9388700000001,21.677813999999994,82.211828,410.269843,611.0129440000001,89.226916,94.37610700000002,46.535996999999995,66.28784099999999,5323.779958,172.12806799999996,21.591957999999998,79.06597900000001
