rowf_colf,km2
920_2172,8.904108105775395
918_2172,5.542389106285151
922_2172,12.261003498385238
920_2174,16.976712299554155
918_2174,16.97918881991172
936_2168,0.5878436025111382
938_2168,3.11314315243047
932_2170,10.656105216029516
934_2170,14.275484496647955
932_2172,16.992567696534497
930_2172,16.989016189047838
930_2170,6.902050916916451
932_2262,16.960623416438796
930_2262,16.97054499361156
930_2264,4.591201189422373
932_2260,16.970748034159076
932_2264,7.049179302454382
934_2262,16.919621975651133
934_2260,16.969776366032438
924_2182,16.982406184306484
924_2184,14.042540550160874
926_2182,16.98932766132502
924_2180,16.97929492599301
922_2182,13.620981803768613
922_2184,1.3874033853898275
926_2180,16.239323099184414
922_2180,16.976182688441675
926_2178,15.785959895504343
924_2178,16.976933063470003
924_2172,15.444961940637521
924_2174,15.724005758518972
926_2172,16.987763280382666
922_2174,15.720103721901381
926_2170,1.1918849138836936
922_2176,10.594217657891424
920_2176,16.976988119919593
924_2176,15.594916607896192
926_2174,16.985609368520304
930_2174,16.993858347882387
934_2172,16.991023465447412
932_2174,16.99111755264111
912_2176,3.4185700037898017
916_2172,2.182519827235902
914_2174,15.999896131663702
912_2174,9.27077750504706
936_2170,16.977017266639685
938_2170,15.263859751881837
928_2170,3.5959722119903805
944_2188,0.015720371613640156
936_2188,16.992918298474475
938_2188,16.995847017023664
938_2186,16.993593063970746
940_2186,16.999410853973533
940_2188,17.00053318246385
938_2190,16.42763868391085
936_2190,16.82393265432733
944_2198,14.773333936942793
944_2196,11.114555082425781
942_2198,5.872210654439721
944_2194,8.928686646764197
942_2196,9.683407584351123
944_2200,13.312005522868796
946_2198,0.5265171298128178
942_2200,12.982913982268654
942_2202,16.998109214448796
944_2202,17.001430425055187
946_2200,3.06528586201574
940_2200,10.025283216831012
940_2198,0.030494284823580353
926_2264,14.881934432088165
924_2264,12.939799027948343
924_2266,0.43730268232673586
922_2266,1.866794974688083
924_2262,15.237412927067822
926_2262,16.958583709539727
934_2266,6.913607919099348
936_2266,7.238561678138968
936_2264,13.041906263445654
934_2268,12.568191360814293
936_2268,13.754396308451934
938_2266,15.09072839827205
938_2264,6.25059448788068
934_2264,12.648422730751346
936_2262,14.921055496916667
938_2262,11.057879172435626
932_2266,7.877215311856526
932_2268,0.6713887305054724
930_2270,1.3355426308394354
932_2270,5.08616718913243
928_2270,1.408579602707869
896_2302,8.444972925922245
896_2304,0.31196275241343274
898_2302,11.886824648142879
894_2304,15.069814271444038
894_2306,1.819604985941711
898_2304,15.083442960999045
896_2306,2.5340921432228005
902_2312,4.887713417097398
902_2314,11.821140654671582
904_2312,4.8084398348089765
900_2314,6.554361846601985
900_2292,16.92173467014883
900_2294,16.906039157888635
902_2292,16.48863320634502
898_2294,16.04304336967172
898_2296,14.355156916070317
902_2294,16.91771246983657
900_2296,10.463311726778247
898_2298,14.1558200636144
896_2298,16.911189466469665
896_2296,16.90237156446375
894_2342,12.709665367251697
894_2344,16.892219976515154
896_2342,12.62104409427055
892_2344,16.89310493989316
896_2340,16.879399429985728
894_2340,16.67965828809838
892_2342,16.87658905871867
892_2286,10.010486031168575
894_2284,5.44907341536409
894_2286,16.911147396445184
894_2282,16.640030797044783
896_2282,16.83047698524887
896_2284,16.587246635951555
902_2278,5.71438340454002
902_2276,0.9464075459344503
904_2278,8.401542045995507
918_2290,1.2849515718992002
918_2288,5.950879229017434
916_2290,6.7038381023273175
918_2286,3.065237382528905
916_2288,5.561496329790776
926_2282,9.199501210978864
924_2282,0.5232220738177015
916_2286,1.4858910190617767
914_2288,2.5366552184500666
940_2300,0.3739484469703688
942_2300,0.3334417587526378
916_2298,13.463822620769204
916_2296,16.937628856992063
914_2298,16.932083639298657
918_2294,16.937441017785225
916_2294,15.696100182929511
914_2296,13.581937255367256
918_2296,16.943255469435105
940_2272,16.976071499015134
938_2274,7.509761453462356
940_2274,16.974393314036327
936_2274,15.012833769512225
936_2276,13.864951317082925
938_2272,16.77085832932256
938_2276,12.552329079823718
928_2282,2.5323917287881192
924_2284,0.9806692080116357
926_2284,14.213607789722667
930_2278,8.968762095139066
930_2276,0.9823472022425905
932_2276,15.108849803618835
932_2278,9.85684247382666
930_2280,5.383571014399988
932_2280,4.118404073758234
928_2284,3.4372091568350984
924_2286,0.0023851492395970692
926_2286,10.024582207918197
920_2182,2.707764797869713
920_2180,16.963779014590617
918_2180,8.214488505019215
918_2178,15.975438721960613
920_2178,16.980702484681085
926_2176,16.983942135346023
928_2176,15.294974626309582
928_2178,10.564183773340822
922_2178,16.979398194997135
928_2174,15.729439712994497
928_2180,14.786063446120508
926_2184,16.747798078681047
928_2182,16.988725759454553
936_2172,17.000227856294554
936_2174,17.000387424231253
938_2172,15.120320693903436
934_2174,16.994694720030953
934_2176,16.993470517366514
932_2176,16.99003349373631
940_2170,0.16748366789880975
910_2174,0.03292309881723132
918_2176,16.97340076365384
916_2176,16.89277030861186
916_2174,16.97398551280747
914_2176,12.37553607878773
928_2172,16.991388202314916
942_2188,14.432187033731566
942_2186,10.745055430707792
942_2190,16.776186340906165
940_2190,16.14136881584225
942_2184,7.1352479439922405
944_2190,1.6602912105833751
934_2190,15.525993794492404
934_2188,16.993750627397528
936_2186,16.996776263544337
928_2188,0.9282127597370009
930_2188,11.765989766141557
930_2186,16.98682088669753
928_2190,0.895901090177266
928_2186,14.375438953604583
940_2212,6.673439336068425
940_2210,16.998224568750107
938_2212,7.186421261646722
942_2212,11.137807834811642
940_2214,0.2839397732483971
942_2210,16.997016656680458
938_2214,0.2724645117763007
942_2208,16.99970673982713
940_2208,16.993086671174765
938_2210,16.994142414370046
944_2208,16.998404251727838
944_2210,16.999049309762768
942_2252,8.401026948471129
942_2250,13.471355651408025
940_2252,10.45210498754574
942_2254,1.3070372579693739
944_2252,16.23451916117216
944_2250,16.950199101479896
940_2254,8.005831363793869
938_2200,12.697045701840718
938_2198,1.1383034591905064
940_2196,3.7731588587737166
942_2192,16.99852973353881
940_2192,8.786997959220072
946_2202,6.81686920137324
944_2204,16.998185716950246
942_2204,16.996757074510107
944_2206,16.999094909078195
942_2206,16.99511768160414
946_2206,13.981073426802244
946_2204,10.401708183695929
946_2208,16.562599661205734
940_2206,16.990492861459252
938_2208,16.991632126751732
938_2206,16.986337591355387
940_2204,16.996816427058498
940_2202,16.998453327746265
938_2202,16.99627500199517
938_2204,16.994912726809613
936_2204,7.021535404912277
936_2206,3.5722571366053946
936_2208,6.138782176944972
936_2200,0.05476222925043886
936_2202,3.403987787527556
936_2198,0.8863217268899991
936_2210,3.5847245088036113
936_2212,1.2289153970024562
930_2274,0.012475762289403818
932_2272,9.163151997514325
930_2272,4.1535006779105155
932_2274,10.506042537176478
934_2270,16.873518822439966
936_2270,16.970681158430846
934_2272,16.967334969482753
940_2270,16.978009154211254
936_2272,16.969512668667345
938_2270,16.972863235157472
920_2268,0.10584080270468899
922_2268,2.413753438990512
928_2266,0.40363186519426353
942_2256,1.0179233349477772
940_2258,8.596477930564136
942_2258,9.309680701011105
944_2256,7.074537218688777
944_2254,8.234207032164468
954_2250,9.229218948871791
954_2252,15.056325177650796
956_2250,10.90810691817183
956_2252,16.274283136939367
952_2252,7.968981264469596
954_2254,16.992574318533112
952_2254,9.198457498808287
940_2262,14.282200620338665
940_2264,4.589997171815275
928_2262,16.94873441097068
928_2260,14.831728724760662
926_2260,12.08849185066516
928_2264,7.010909731467552
926_2266,1.2995622467647552
930_2260,16.967475074217536
924_2260,16.457508133475628
926_2258,16.897693813160448
928_2258,16.898603680277706
932_2258,16.972040046012886
934_2258,16.97258623748345
938_2258,11.338380878114842
938_2256,2.98265666495275
898_2300,4.281698864294789
896_2300,16.591384368297167
894_2302,16.908895383054105
886_2306,11.817369675901048
886_2304,4.871026287520628
888_2304,16.897159065634114
884_2308,11.69359465442265
888_2306,15.0884948013623
886_2308,16.895310770182977
886_2300,2.3527619257901096
888_2302,5.815786364502102
888_2300,13.689148791171538
892_2306,6.063200108840398
892_2304,15.45866802376963
898_2306,14.886625506585371
894_2308,1.0731624544301228
896_2308,13.838802382156539
892_2308,1.539146583977398
892_2310,1.3262535881590762
890_2310,0.21068470579617984
890_2308,2.408188816003494
894_2310,2.188000631081324
886_2290,0.019611544657673074
886_2292,3.8145058178144424
892_2296,16.90601592638205
890_2296,16.905013789930226
890_2298,16.902717675704967
888_2298,16.90183664833831
892_2294,16.670419251225564
888_2296,16.48950523192527
890_2294,10.634386616142615
896_2290,16.915440251129567
898_2290,16.91441651682148
898_2288,14.038214344066976
896_2288,13.835322302006652
896_2292,16.914166960392546
894_2292,16.91621424738385
894_2290,16.62848035934806
892_2292,6.3664404594653705
892_2290,9.085595882166425
890_2292,3.7251652832589555
892_2288,13.576288997813895
894_2288,13.97008345645978
890_2290,16.71273388032903
888_2294,3.7904321965700474
888_2292,16.108434370561966
894_2294,10.819478584373904
904_2314,11.894044405264049
906_2314,2.1099317238927644
908_2312,1.9449843721219153
912_2308,0.27425654502813407
906_2304,1.5667602352571837
904_2304,5.7867330205014875
906_2302,15.027015237300132
908_2302,11.272357276772672
912_2298,11.985199126562161
914_2294,11.067154446964864
912_2296,4.032999058155425
916_2292,7.373652058657657
914_2292,14.387339241062515
912_2294,10.820880812617165
900_2302,16.91799079713358
900_2304,16.20747052244596
902_2302,14.130849657046314
902_2304,11.58497191462823
900_2306,7.664586452824695
902_2300,13.632358458055688
900_2300,16.012099618923553
904_2298,14.771281362469809
906_2298,13.66047602443704
906_2296,14.123876483367546
904_2296,15.291066044071766
902_2298,9.623263724213945
904_2300,12.160925762255113
906_2294,16.851987852331494
902_2296,15.227244601904438
904_2294,16.92092203117966
900_2298,2.61636778796372
896_2294,16.91499182338073
894_2296,14.571240239773138
898_2292,16.91523691984917
888_2350,15.866358067279405
888_2348,13.33859042191194
886_2350,11.101252572815627
890_2348,12.412096081910947
890_2346,16.82851031182581
886_2348,13.647597853062194
888_2346,10.925542446034388
892_2346,16.885918607738354
890_2344,16.889533624655552
888_2344,16.88000015155067
886_2346,9.353800934144957
886_2344,14.860710009765958
884_2346,13.793940127151979
884_2348,2.028000389172182
894_2346,16.892783727224884
896_2344,16.893247137391125
896_2346,16.896621843528628
894_2348,16.608510366445493
892_2348,14.324606018647913
892_2282,10.400763886621643
896_2280,16.91964949849419
894_2280,15.75220114689098
900_2288,13.768556254024027
900_2290,16.413252460731666
906_2292,16.92313444285319
904_2292,16.923790766045702
904_2290,15.991611584109219
906_2290,16.927478109320006
912_2284,1.2390041733385881
912_2286,0.034657034473926776
944_2298,6.069790694191596
944_2300,0.38816261400050833
942_2298,13.10605259871562
940_2298,5.704367742026221
946_2302,0.7589055524113446
946_2300,2.536067714774463
936_2300,2.672462092950013
932_2306,4.029680776498973
938_2296,0.605641447031738
938_2294,4.927182096852451
940_2292,0.7955793092413824
940_2296,0.5085376284870896
916_2300,0.2196178379433938
918_2300,5.537591893637825
918_2298,14.45608222645222
920_2298,12.52129429909972
920_2300,3.288518485461426
936_2298,3.078895591101841
934_2300,9.054966388823033
934_2298,4.144808162369297
936_2296,3.080043970947534
938_2292,3.7904229724197225
936_2294,3.8650351755616006
938_2280,6.61179196292698
936_2280,1.1964343692575126
932_2284,1.6785856391144447
932_2286,1.1084597810511374
936_2278,9.974050306485202
938_2278,15.825354774766515
940_2276,14.607485451520096
942_2270,16.977614730028918
942_2272,16.554202704688684
920_2290,8.3838475144551
932_2292,6.31880626502362
932_2290,8.17245397781374
930_2284,4.174146091416295
930_2286,14.713584361716503
928_2286,15.026948631699426
916_2178,6.973295173943822
930_2176,13.119230405962178
928_2184,16.980221363239746
930_2180,16.98833715860557
930_2182,16.984919073037357
932_2178,16.992814075730415
934_2178,16.990963545695923
936_2176,16.998785726170656
938_2174,17.002364798501542
932_2180,16.991868753826928
932_2182,16.990019356640627
934_2180,16.99393467998199
940_2184,17.003308694256813
938_2184,16.999238576195626
922_2308,1.2276145451530809
922_2310,13.7751930479313
920_2310,16.94242405019226
920_2308,4.9002482279163155
922_2306,5.282732068606423
924_2306,6.1518272903402575
926_2308,0.708724637535332
926_2306,10.95124421691348
924_2310,1.091947126278351
920_2312,13.697088775948533
922_2312,0.9864327414087881
918_2310,12.836393568123286
918_2312,3.374924679103673
914_2328,16.92319354159858
914_2330,16.9249252280796
916_2328,16.927600620986098
916_2326,14.18137187181353
912_2330,16.92107524048923
912_2328,16.924008708384005
914_2326,14.024569919909176
890_2312,7.528332720110961
894_2312,0.24076298872840984
896_2310,1.5075244701551878
898_2312,0.07714743417922028
914_2318,14.651620568845766
914_2320,16.92878926925574
916_2318,16.932736038205874
914_2316,8.058750197681965
912_2318,1.7713752172874861
916_2316,16.931264288157095
912_2320,2.834028789437178
920_2314,7.023711507421569
918_2314,10.039657304953915
906_2356,11.722522222015884
906_2354,16.0941036091203
904_2356,15.06127359382571
904_2358,9.841886931587945
908_2354,14.69807332509
908_2356,12.914483220799356
906_2358,16.904897402935596
902_2358,16.379734691618005
902_2360,9.833321246251767
904_2360,16.711879878015566
904_2362,10.346820639087806
906_2360,10.462989481248835
902_2362,8.066760210981197
904_2352,16.903590597760804
904_2354,12.827463085988672
906_2352,16.908487106222992
904_2350,16.91112703621066
902_2352,16.904823812105576
902_2354,12.416072888575794
906_2350,16.907228093014766
908_2352,16.911000375330676
910_2352,16.907962388182646
908_2350,16.90956866115284
910_2350,15.60952977817491
910_2354,13.818498596077472
912_2352,3.19908299936907
912_2350,0.4716249883358723
922_2334,7.8082129616470315
922_2332,16.938386086125035
920_2334,13.239259313969438
924_2334,2.2132557286608585
924_2332,16.93765173301359
932_2186,16.99066605704033
932_2188,16.794325853612925
932_2184,15.363474619364032
934_2184,16.991260873423702
934_2186,16.992416727142913
932_2190,15.646783402074675
934_2192,16.96933630751205
932_2192,16.98546223549022
930_2190,16.32249069120834
930_2192,15.482231666808541
928_2192,4.367595056524845
944_2192,5.20634319175109
948_2208,1.232280177857066
944_2212,16.99436096548221
942_2214,1.7326371621328494
956_2248,6.266614198649605
954_2248,13.657053032259483
952_2250,11.903122383608084
950_2248,16.012420964507683
952_2248,16.319384424390158
952_2246,10.85069740903863
950_2246,14.801411797630912
948_2248,16.814393864603613
950_2250,16.992610835959052
948_2250,16.99683478216363
954_2246,16.946244667122084
952_2244,16.194098798985316
954_2244,16.862489819223686
936_2252,15.885960445918458
936_2250,16.47008339526963
934_2252,16.217343977111987
938_2252,7.705360318867933
936_2254,16.971909376709455
938_2250,16.243223725284828
934_2254,16.97305876386377
934_2250,9.876603184596044
936_2248,16.978756018766127
938_2248,16.98107903952196
934_2242,0.12900177133999732
938_2196,6.2964153466931645
938_2192,14.687466379030502
938_2194,16.993658104496227
940_2194,16.276533260200434
934_2196,2.2162465335674244
928_2272,7.011945547687873
934_2274,14.023695582387667
934_2276,6.945127029897774
938_2268,16.972881696079256
940_2266,7.665315243316301
932_2252,1.488435810631588
934_2248,4.403337129122744
950_2228,16.99954916511217
952_2226,1.9657795930628537
950_2226,16.8562265636863
952_2224,0.05461017831902396
952_2228,5.671463904772012
950_2230,16.997013052843233
952_2230,9.497709499953713
950_2222,10.863970186614758
950_2224,14.646305056830045
948_2226,8.935034994656002
948_2224,3.5171948912456923
964_2276,0.2556595718558679
962_2274,11.158473280865634
962_2276,15.153772523149375
964_2278,2.922671663462556
962_2280,16.997195339768034
964_2280,7.020988592521427
962_2278,16.987892652162262
962_2282,16.997061754749886
960_2282,16.999477159063186
960_2280,12.820799681491307
956_2272,15.54660012084865
954_2272,9.744691850674101
954_2274,16.783805584766124
956_2270,16.16869509308469
954_2270,4.979872354328315
952_2272,5.570507115904315
952_2274,7.7283778937976955
954_2280,16.990206196196347
956_2280,16.992776181493664
956_2278,16.626321888160923
958_2278,16.829487507081073
958_2280,15.880188510444832
956_2282,16.991347745171076
954_2282,16.99015817962616
952_2282,16.970403561697463
952_2280,16.98778040545874
954_2278,15.611024133678063
956_2276,8.050546331027851
958_2276,11.300975069940119
952_2284,15.512217425723133
954_2284,16.503872303649896
952_2270,6.096269525516862
950_2274,7.592940479537743
950_2272,15.536903140743922
956_2254,16.641595829567628
956_2256,13.966870958210428
958_2254,3.619152239536403
954_2256,17.003371767070444
958_2256,5.884013077958787
956_2258,16.999105170284075
954_2258,16.99763511255903
958_2260,15.653109221905627
960_2260,0.46012230344006727
958_2258,12.085127357665534
958_2262,16.937806331337114
956_2262,13.962086336348005
956_2260,17.00015799105711
952_2256,16.987482970598492
952_2258,16.996856759711644
942_2268,12.710228252699478
944_2270,16.984032145003937
944_2268,15.978183570763523
962_2272,7.017997364504801
958_2274,13.249940207674063
960_2274,13.230376069343377
956_2274,16.997782054057645
960_2272,17.003243242846853
958_2272,16.995426689421446
930_2258,16.968940445132482
930_2256,4.463545679271676
932_2256,14.634070682912789
934_2256,16.971943412437586
928_2256,9.743817650068284
932_2254,10.352332215711412
928_2254,0.4179123755000542
940_2260,10.083082150496033
938_2260,9.691784185483966
938_2254,15.57178869213742
940_2250,15.78652445636395
936_2256,14.516189947240733
936_2258,16.97467115949091
882_2348,0.04030093868990148
882_2346,0.00814486601393035
900_2362,0.5765214132023716
900_2360,5.707166046438219
886_2298,14.126856946456268
886_2296,6.622851854041343
890_2306,14.934759373765072
890_2304,16.48388073840486
888_2308,11.230031677974969
892_2302,16.903211038696792
888_2310,9.383122700911603
894_2298,16.908073301952925
894_2300,16.904718825299305
892_2300,16.84815207547052
890_2300,14.376788424886897
886_2310,16.894916812712648
882_2308,0.5097329386606164
882_2310,0.3572332691485907
886_2294,1.6428823285970302
890_2288,14.531880523594603
890_2286,0.3447547935482587
898_2286,9.335468246533095
896_2286,16.911978679348685
898_2284,10.491033487514366
914_2308,4.121446621169968
916_2308,5.303224258582246
918_2308,6.225107907634615
916_2310,1.10575448018857
914_2310,3.4185450290578823
916_2312,1.667962199736236
904_2316,3.4123253738002646
906_2316,10.41067605108618
908_2314,16.09634424087954
912_2310,0.8357511530370282
910_2312,0.5343032098205948
910_2314,13.284625693880805
912_2314,0.12640542879931227
912_2302,2.0778009951939924
910_2302,5.449130252424462
908_2292,16.92771665485248
908_2294,16.41699954975877
908_2296,15.152109018323046
908_2298,10.567705181137379
906_2300,16.79636860139408
904_2302,9.376063766626443
908_2300,16.9229384042693
902_2306,0.2137632257516848
914_2290,11.098676670251471
912_2290,9.935656880252008
912_2292,16.93350387188607
908_2326,16.917163667853067
906_2326,16.3707036456133
906_2328,16.901001174555905
906_2324,7.968378457419605
904_2326,7.5007056093988105
908_2324,12.35484197422346
904_2328,10.951368253598417
898_2340,15.049707590442035
898_2342,16.676132063979576
898_2344,16.89887473788246
890_2342,16.278801477921476
888_2342,15.633113383330786
884_2344,6.4635393337328635
882_2344,0.1816510591944864
884_2342,10.650203256895734
886_2342,16.88489093547748
882_2342,2.4888259062793714
884_2340,16.696296066946015
886_2340,9.556950093933514
898_2278,16.920832501811223
896_2278,16.920467008579166
894_2278,16.91737686818761
896_2276,16.918116844823203
898_2276,15.307037919607927
898_2280,16.918326562059896
900_2278,14.838161242160519
900_2276,5.1847560105539605
892_2280,16.914538874706242
894_2276,16.91719398475298
892_2278,16.91525800611697
906_2278,2.0985846703521447
908_2278,0.18958884904648662
906_2280,6.048741456907226
904_2280,9.461088695378205
902_2280,14.074694547094031
906_2282,5.144259101119349
908_2280,5.736881697236237
904_2282,0.38246089028093067
902_2282,7.934960122275052
898_2282,16.921451643142365
900_2280,16.92097065187819
900_2282,16.920129652644466
902_2290,13.885435175447476
902_2288,13.907726635123183
904_2288,10.911077970524214
902_2286,8.192240597824506
900_2286,11.628718625166918
910_2284,13.333202029648128
910_2282,2.5643004386310904
908_2290,16.92891532607719
910_2290,16.934208584098933
908_2288,13.971526762498447
910_2288,13.279060461971952
910_2292,16.934319818558844
906_2286,8.764825419659365
906_2284,9.99868329496775
906_2288,9.024523615088306
908_2286,11.68162754630961
908_2284,12.785276720569263
912_2288,3.781655565241506
910_2286,4.10356874008476
948_2300,8.71146151893111
948_2298,1.2624084999395067
946_2298,0.13833252663354567
942_2296,0.13762824689480666
944_2296,0.3738583619531998
930_2288,6.913122440904916
930_2290,0.9018581112817833
934_2296,0.3842981612432738
932_2300,0.43968943652500403
932_2298,1.7675836083760128
934_2278,0.49207978839535105
940_2278,7.433058073351589
944_2282,1.6832882048935536
946_2284,0.17253561182549504
946_2280,7.017708266747632
948_2282,6.796442827312787
948_2280,0.10591715674231601
946_2274,5.902504555694834
948_2274,12.096480711920746
948_2272,16.71377849356321
946_2272,16.98029295809065
944_2274,5.56432903379955
944_2276,3.764391875135266
946_2276,4.821552465372563
948_2276,9.768169737926618
950_2276,8.01324129760646
952_2276,7.770097226634495
950_2282,9.376162585375813
950_2280,7.175249573489334
952_2278,13.316502750563433
920_2292,16.950100181866926
918_2292,12.432223457618386
920_2294,16.94343367609305
930_2296,11.571630943156203
932_2296,0.3980186457808142
932_2294,0.13434896933837862
930_2298,0.09338652998326366
928_2298,2.370704480867567
928_2296,5.088753811633855
930_2294,8.24167005395278
890_2282,0.6370344002175642
924_2186,0.24503192214361635
930_2178,16.903609483861622
936_2182,16.99849779943276
934_2182,16.99268607892512
936_2184,16.997087955728208
930_2184,15.677602154278162
936_2178,16.995607975595597
938_2176,16.995661870239154
936_2180,16.994226990683913
938_2178,16.994765753002337
940_2176,9.456131095061941
940_2174,5.867279853563853
940_2178,13.05187742558527
968_2292,0.18002974992288884
966_2292,14.964303036847747
966_2290,11.065142325703105
892_2358,9.258570685780985
894_2356,16.894237769419625
892_2356,15.881927788032183
894_2358,14.061536938818056
894_2354,14.920402889781112
896_2356,16.892986676897216
896_2354,13.919772395113984
908_2364,2.6023690480758375
910_2364,0.10628303517438839
906_2364,7.380699326271301
908_2362,9.420976934633776
910_2362,1.3382183510977712
910_2366,0.9298830966768356
912_2362,4.097612781561742
912_2364,0.5611135593397928
914_2366,1.1369968545396134
926_2332,14.219143204055
904_2330,14.306622193925532
906_2330,15.113163697556402
902_2330,5.567538812277599
902_2332,6.022524144205522
904_2332,13.619416356062475
910_2330,16.920377071589193
912_2326,14.601060175961297
910_2328,16.919808006616247
912_2324,7.18710548114213
914_2324,11.595443643289624
910_2326,16.919040106478295
916_2330,16.926078962647228
918_2326,16.932893733569724
918_2328,16.925934372892737
918_2336,1.3056756133199414
918_2334,16.926437206897603
920_2332,11.923970089465968
902_2334,11.652221193128415
906_2332,14.076294522916557
904_2334,7.868454779544359
900_2334,15.605776769641272
902_2336,16.904120167810834
900_2336,16.90412118984745
886_2312,16.057763264200773
884_2312,10.541303224067672
884_2314,16.889162814544328
886_2314,16.892004511719282
888_2312,14.97008912220352
904_2318,8.653245623607665
902_2318,1.4482978847673604
902_2316,3.1852864813233857
900_2316,7.511422303265016
918_2316,16.9342226685821
916_2320,16.932926208821577
918_2318,15.419768986748254
920_2316,15.775737377867639
904_2322,2.546388938768282
906_2322,16.852821787748187
906_2320,14.616520867629816
908_2320,16.014705723905134
908_2322,13.386250491441395
904_2324,0.5365184137656344
912_2316,3.570385657000517
910_2320,6.313054551459726
910_2318,16.92538552161691
908_2318,16.916370442475294
904_2320,5.77683861390556
906_2318,16.899735339940438
902_2320,0.29624630492214543
914_2314,1.4441457325383675
922_2314,15.305617569722267
906_2362,16.901241909227686
910_2360,14.910776906397968
908_2360,15.95811163225785
912_2356,11.42233434976971
912_2354,5.084154384887889
910_2356,16.045762911493036
914_2332,15.196413648744205
912_2332,16.923623836458535
950_2220,7.04916737077955
948_2212,8.45465516514621
948_2210,4.643100265540422
948_2216,15.721146771645676
948_2214,12.26476444063525
950_2216,0.45494227162080425
946_2216,16.998767304357244
946_2214,16.99668145280733
946_2212,16.999259502268668
944_2214,12.971433440360997
944_2216,6.923618210516814
946_2218,16.75580188150711
948_2218,16.999843936293058
944_2218,8.67220834903725
944_2220,0.19618461525033407
948_2222,2.353935198488936
946_2250,16.985007539748413
946_2252,16.99020578457258
948_2252,16.986450127218422
946_2254,16.602002888376486
950_2254,16.10155345441904
950_2252,16.66498520032918
952_2238,14.709909521527868
950_2238,13.201143038426801
950_2240,0.19188972349674877
952_2240,0.5458818040663226
954_2238,6.240165077381843
954_2236,3.818452935602322
952_2236,17.001756952697203
954_2234,0.806652700204453
954_2240,5.3152068913783275
934_2246,9.132002871292828
936_2246,14.769438316140707
934_2244,7.764381636393352
936_2244,15.8448934978814
936_2242,0.6134105779140802
950_2242,0.6045520566117644
952_2242,11.393260490448126
948_2242,9.456957795071657
948_2244,15.430915144685395
950_2244,10.91910175239002
936_2194,16.809731181196142
936_2196,10.047927337589224
934_2194,16.612090406529767
936_2192,16.995396945203662
932_2194,11.307048422553603
942_2194,16.999789460328863
940_2268,14.604541992785935
942_2266,10.176944404302166
892_2274,10.793727100213454
890_2274,4.307897721591886
924_2258,13.299315698186337
926_2256,16.7044006671784
922_2258,0.44328372814269223
922_2262,0.8930982092630504
950_2232,17.001581766783737
948_2232,16.997252243922684
948_2234,15.783553957416103
950_2234,16.998110122655387
952_2232,13.215030353670043
948_2228,16.152629849982766
956_2244,1.993459250883398
956_2246,5.673715002421803
956_2242,0.06558850581364035
964_2284,15.212616246695129
962_2284,17.001003687918857
962_2286,17.0008129598179
964_2282,11.248362465819463
964_2286,16.994209859579
966_2284,0.2865748618148341
960_2278,17.00212869994812
958_2282,15.910131577322913
964_2292,16.998555690324938
966_2288,7.0503585399610476
964_2290,16.99798921704352
950_2290,5.939322096125362
950_2292,4.929765287888189
950_2286,0.991231488225749
952_2286,1.010577941140253
950_2284,2.8883731256560337
954_2276,16.99234225257819
942_2260,3.0762355792356746
946_2256,16.852842152265364
944_2258,13.980529693584458
954_2260,16.995794317175587
960_2262,3.2996321506037227
958_2264,16.997550601544756
956_2264,14.977061950515163
958_2266,16.998449755707377
958_2268,16.996075469175963
960_2266,11.287113482780782
956_2266,16.99655186456334
956_2268,16.996634957302366
960_2264,7.2507175561174835
960_2268,15.155932122857784
958_2252,0.9479217436455665
950_2258,16.96482525265908
950_2256,16.99417293178191
946_2270,16.988121733167368
946_2268,16.982476481471274
948_2268,16.987786697013256
948_2270,16.984683182878673
944_2272,15.391208314209086
950_2270,16.99101150187884
942_2264,15.199505099553372
950_2262,16.98997277642462
948_2262,16.984598020647603
948_2264,16.989708491807196
948_2260,16.932767256463443
946_2262,16.981541034097365
950_2260,16.99105030015006
946_2264,16.986928735543174
962_2270,2.8683612772323164
962_2268,0.24051435421107215
958_2270,16.997093468082618
926_2254,1.5156908882984474
936_2260,16.542087928144547
886_2352,4.736469285147413
898_2360,6.173466129480347
892_2298,16.905447015953776
890_2302,7.934321524682351
884_2310,13.801073054750047
882_2312,0.005760135357365834
882_2314,7.984273601531625
880_2318,5.839654444105313
888_2290,13.635771346223704
912_2300,4.176876451010602
910_2300,9.040991833027132
914_2300,4.575158725169817
910_2298,12.880072253778085
910_2296,15.84475677766393
910_2294,11.101573916430217
900_2308,2.3384185015001013
898_2308,15.42843190092385
898_2310,7.288639781738626
896_2312,1.8385158922461724
882_2340,10.656778290289084
884_2338,9.19602368595416
884_2336,0.17094354589502284
882_2338,5.944198635798675
886_2338,0.37965169882425454
886_2336,1.6626253533540707
882_2336,0.01694026866147556
880_2338,9.568787038844077
880_2340,3.394848909400194
878_2338,0.16163274132030225
880_2336,0.24526330522065634
896_2348,16.890625339088842
898_2346,16.896650739551763
898_2348,16.891024433153873
900_2346,16.7689159356329
900_2344,16.25098129347469
900_2342,15.939164482258104
888_2336,1.893891031088822
888_2338,8.974628990423223
892_2354,16.88451319928698
890_2356,16.430420942920797
890_2354,16.88367437692483
894_2352,12.745794563232522
892_2352,13.880971933341929
890_2350,9.613909540349322
892_2350,11.65860216123033
890_2352,16.88677451851794
888_2352,16.88078413027045
888_2354,14.66714292955301
886_2354,0.42484423368035756
888_2356,8.862713135267864
888_2358,0.8198010458501654
890_2358,1.9255429742721757
900_2274,0.6057981571655411
920_2270,0.7435685795033833
900_2284,14.533040771717786
908_2282,3.2437928238890614
952_2292,15.748549694916438
952_2290,9.950742612252874
950_2294,2.018331810857225
950_2296,1.8261030113547725
928_2306,13.446012152888828
926_2304,0.663984873336469
928_2304,1.548596559627058
924_2304,0.2691482125611503
924_2302,0.10139986929547946
926_2300,3.668562846576863
926_2296,0.5121333690291623
924_2298,5.207050333539468
924_2300,7.9750219461824114
922_2300,1.361362028422123
924_2296,3.029862101561299
922_2298,14.729866586710605
922_2294,16.946100447663163
922_2292,16.675690962237436
920_2296,16.94499088049379
930_2306,8.291528840723728
930_2304,0.29470920813941526
930_2300,0.6789569273038912
936_2292,2.285414275784348
940_2290,0.00363839125515995
942_2282,8.768877739710822
948_2286,4.819124748283102
950_2288,1.5110486862514563
952_2288,2.7009559928378732
954_2288,9.30712790095014
954_2286,5.928508426742806
942_2274,12.0485732580356
942_2276,16.958409351378968
942_2278,16.67495381977298
944_2280,6.343602579979528
940_2280,0.7776479695454683
946_2278,12.22907486404445
948_2278,15.55869572499239
924_2292,16.330411625640256
924_2290,4.04495357921824
922_2290,4.714966095003712
930_2292,8.233568513848974
928_2290,2.456591983751486
928_2292,11.90423137368639
928_2294,15.697301223835979
926_2294,8.3153036975627
926_2292,12.835346866341606
924_2294,12.770185898350663
890_2276,16.906969563878263
888_2276,6.914042584897764
926_2186,8.110131921283235
940_2182,16.99821068482875
938_2182,17.00039113239865
942_2182,3.5441716066773052
942_2180,0.6658507683845812
940_2180,16.103328558279763
940_2172,2.059872949597453
958_2292,8.147465259664262
956_2294,5.816086724494134
958_2294,0.36583611876341804
956_2292,13.599612478221308
960_2292,11.137812085645704
958_2290,16.06410755480197
960_2290,16.257661726698522
960_2294,11.693923089146171
956_2296,1.9669316836217374
964_2294,17.001068297412527
962_2292,16.997443466864098
962_2294,16.99446560747779
902_2364,0.6484409105027593
892_2360,0.0314902597745943
896_2358,16.891294953670876
894_2360,2.6453378105649765
896_2360,6.170862965262009
898_2356,16.230345300810754
898_2358,16.89158117491322
902_2356,16.900081907419537
898_2354,14.12373337278683
912_2366,1.486141589201696
914_2364,0.10121336277789394
914_2362,3.8467008643289415
914_2358,0.48012463439313635
966_2320,3.7735178247124073
966_2318,5.2972096423519615
964_2320,10.306944407197363
958_2322,10.610821098733114
960_2320,16.98943071007148
958_2320,16.98195365281255
960_2322,4.784715983424956
956_2324,0.06357235867316202
956_2322,16.071293416887418
908_2328,16.919926692122377
908_2330,16.915854421655393
910_2324,12.393135190685324
910_2322,2.2169977855702916
896_2338,15.770466602678963
898_2338,11.426392426453098
898_2336,16.491152461395576
898_2334,16.029046899842115
896_2336,10.7136101508576
900_2338,13.589745808750784
894_2338,15.99479746748412
900_2320,7.419966453486648
900_2318,10.476607647222458
900_2322,8.186200601543556
920_2318,9.23447092253673
918_2320,15.864774142330415
914_2322,16.928015412731263
916_2322,16.92665954016199
916_2324,11.4779491768462
918_2324,16.56543876232325
910_2316,16.904146017929033
916_2314,16.752789709181922
926_2312,8.300208764257745
924_2312,0.21990135327704882
924_2314,13.500311758525338
926_2314,2.8395808538477314
928_2312,13.505326529354008
928_2310,0.5619591549051968
908_2358,16.788293139660695
910_2358,16.496987965035267
924_2330,16.93996584892687
922_2330,16.935847187873303
924_2328,16.933174957609445
926_2328,16.943690853238742
926_2330,16.937518519871475
928_2332,8.512393856353135
928_2330,16.94241003562353
906_2348,15.95896183654633
908_2348,16.82282686498771
902_2350,14.282511907034493
904_2348,10.838717958544072
906_2334,7.943704404013827
904_2336,16.91419324589205
918_2330,16.926491882226014
916_2332,16.92759411334438
910_2332,16.918177784238114
950_2218,3.231496658294183
946_2210,16.99863489431526
948_2220,12.545740754390511
948_2254,16.98716532152411
948_2256,16.99124158727755
952_2234,16.202386443366613
950_2236,14.055915840522422
948_2236,15.915098370095869
948_2238,3.52085201023287
938_2240,0.3644133002406891
938_2242,6.754935137279004
938_2244,16.982463955690562
940_2242,7.473596872308486
940_2240,7.606142640038334
942_2248,16.98390184869373
940_2248,16.86731663212045
940_2246,13.835938675459335
942_2246,14.374267761543662
938_2246,15.319541779848858
954_2242,14.346150962441383
924_2256,3.102025308593924
922_2260,2.1453367721758267
958_2284,16.992162787484315
960_2284,16.996932819139513
966_2286,3.002364118350083
962_2288,16.995530462212386
964_2288,16.996563337944593
960_2276,16.996175558174514
956_2284,16.994139486348384
956_2286,16.9918184710388
958_2286,16.99639819236379
962_2290,16.999166045711092
960_2288,16.99601880819267
948_2284,8.684365717010829
946_2258,11.329100814806367
944_2260,16.842672375741053
954_2262,16.999457663878303
954_2264,16.99346632747082
952_2260,16.995758916466578
952_2262,16.990125196742884
950_2264,16.987508885017846
952_2264,16.9931737524655
952_2266,16.990020673698922
950_2266,16.98781998889122
948_2266,16.9836650524563
954_2266,16.99118331189915
950_2268,16.987628065903635
952_2268,14.20488007712297
942_2262,14.61590037216977
946_2266,16.986399299984107
960_2270,16.982617791510773
882_2332,3.074790403550217
882_2330,1.1410929006616737
880_2332,0.22563282829687373
884_2330,0.2298132937326896
882_2316,16.3095199755017
884_2316,16.518331946904116
888_2288,1.9040799901402459
888_2340,14.317306772386303
890_2340,14.636885902150613
892_2340,14.44047881688844
892_2338,16.895545878799364
894_2336,3.4679102993855535
902_2328,2.9178950190575677
902_2326,0.9452487800151678
900_2324,1.6134631846536167
900_2332,3.557307363907899
900_2330,0.07913661366104169
896_2352,15.15919417609482
894_2350,16.892853117024266
894_2274,14.757284425852108
896_2274,13.126349412060966
892_2276,16.90671368102746
890_2278,16.912306285000945
898_2274,7.564577297310137
902_2284,5.692157845148204
950_2298,9.72432818956222
942_2306,9.082948863735247
944_2306,5.532812227132165
940_2306,12.153993834028336
922_2296,16.16746282556253
928_2300,4.5588800815350075
926_2290,6.010212771386367
944_2278,15.001237231863668
942_2280,13.564703916581934
950_2278,12.94485924639914
928_2288,13.516797780190734
926_2288,1.789156186532773
888_2278,7.845585946720116
938_2180,16.998934889983655
954_2290,10.685572143350461
956_2300,1.1386178439159713
954_2300,2.0927648651119624
954_2302,0.014375410599739518
956_2302,2.848216786394321
958_2300,11.314617790039176
954_2298,11.515369439734053
970_2306,8.049786687071283
972_2308,0.5811038136196982
970_2308,14.35236819424324
970_2304,7.50290926508837
972_2310,3.810459754881855
970_2310,17.005080790888588
966_2308,14.963372724542591
964_2310,16.610923240270385
966_2310,15.482384376412961
968_2308,16.51232010250217
964_2308,9.514054081098397
966_2306,11.124150403390276
968_2306,11.046893390989528
962_2310,5.540198982485285
962_2308,3.452810180301476
964_2306,10.165288700446553
966_2294,16.956598751084172
968_2294,2.7369560008404603
966_2296,16.996257613023506
964_2296,16.99050889597601
962_2296,16.996968063014158
964_2298,16.995601576771502
962_2298,16.991030208056404
904_2364,5.271099673460571
902_2348,16.903154804868453
900_2350,15.597667975947166
900_2352,16.899876599550307
912_2358,15.46310160385855
916_2334,16.926005322357632
918_2332,16.92045811585729
914_2334,16.42349889889552
930_2322,16.949323303887958
930_2320,16.949693632687552
928_2322,16.9468744352135
932_2322,16.953411506515486
930_2324,16.952320497915373
932_2320,16.950368143726205
928_2324,16.946560335401863
934_2320,16.949116306196064
932_2318,16.95583881670177
934_2318,16.958797232810486
926_2324,16.943272895840337
928_2326,16.662616003486786
926_2326,16.9464461707975
970_2318,4.37087041381139
970_2316,10.955602932200517
968_2316,9.634413445678227
966_2316,9.207612492212991
964_2318,13.0895473635525
968_2310,16.85289263867388
968_2312,12.596706015962825
966_2312,2.6538737511818975
964_2312,3.8645369418871316
950_2318,16.972732647300507
948_2318,16.968313878132324
948_2320,16.971348117702558
946_2318,16.96678114242896
948_2316,16.975792958377504
950_2316,16.973384333967164
946_2320,16.9684885537524
934_2322,16.955395530388422
936_2320,16.9569921320426
936_2318,16.95247626410963
960_2318,16.982854485965717
962_2318,16.64965898600411
962_2320,16.227383667698696
962_2316,7.806739663448819
964_2316,8.392547526156848
954_2324,4.367606474793862
950_2326,0.012243259053609982
952_2324,10.193623546538443
950_2320,16.976084937563506
952_2318,16.973859017202297
952_2320,16.981195052542486
950_2322,16.976620304335956
948_2322,16.972079048012397
974_2318,0.22217649814134985
962_2314,16.815873047400533
964_2314,15.067698082187968
962_2312,3.152551994389207
960_2308,1.5054539372126179
960_2312,6.379874636242226
958_2312,5.740493734044243
960_2316,8.864745137290708
958_2314,12.09830344383677
960_2314,9.689090050898182
948_2308,13.428772520748243
950_2306,3.9387911740768073
950_2304,3.960120007669626
952_2304,10.8718986783447
952_2306,10.424136831971875
950_2308,6.6386771515188805
912_2322,10.508824616748575
896_2334,2.757352207911267
892_2336,6.238606288691991
894_2334,0.48567308291274724
890_2314,0.26885201596114766
898_2316,3.9485899347552684
882_2318,6.850354655079241
884_2318,1.0678189675243175
898_2320,3.4215088876409947
898_2322,10.301774451678122
898_2324,3.850560916623576
920_2320,10.46587835135564
918_2322,16.330430406821122
908_2316,5.167383454379252
920_2324,16.93297551829404
920_2326,16.931352630072322
920_2328,16.93067122523082
924_2326,16.939024620009075
922_2328,16.934843331968935
922_2316,16.9423751766515
924_2316,16.944589025518958
920_2330,16.930639276735775
908_2332,14.746368530542513
946_2220,3.897319639340127
946_2228,2.5325720412068584
948_2240,5.002961348628406
946_2242,11.366517444399754
946_2240,16.18615715195992
946_2244,15.116516666347826
944_2244,14.703481571981959
944_2242,14.393065129347729
942_2238,7.56476978131519
942_2236,1.4775750765530429
942_2240,11.998171519018825
942_2244,16.624536629250382
944_2240,16.046001206262133
942_2242,11.02462586712137
944_2238,16.46597302614885
940_2244,16.982178486058324
946_2238,14.078990182469152
930_2194,1.412169765834656
944_2236,10.109125672908435
960_2286,16.993000834348656
958_2288,16.99348573890141
948_2258,14.21648884966289
946_2260,16.99010434327025
954_2268,11.827869940269158
944_2262,16.984023834231436
944_2264,16.98215305170274
944_2266,16.09594274932218
886_2330,2.3857917305536773
888_2332,0.5937803630144398
886_2316,6.438753459675389
880_2316,0.9180642915512907
890_2338,6.324614846608888
890_2336,0.3589457760497403
890_2334,0.09706532907050446
892_2334,5.2566757719598645
900_2328,0.38660218519756473
898_2326,0.8976799474657575
900_2326,1.1413087586788855
898_2332,7.689440133800686
896_2332,7.985146951252699
898_2330,0.764406187154825
896_2350,16.89163229076489
898_2350,16.899243684872392
900_2348,16.90274441152477
900_2340,16.637340652088465
902_2340,9.708049116922307
902_2342,8.511286037100046
902_2344,4.473155229407292
952_2294,14.110099964346627
954_2292,16.707328977824492
938_2306,5.478474212784115
928_2302,0.3934820135101482
962_2300,16.9926990091671
960_2300,16.455030220830956
960_2302,16.98910965454421
958_2302,16.156869022755853
960_2298,10.44295709255528
964_2300,17.000591477050232
962_2302,16.990399740670398
958_2304,7.627767608140211
960_2304,13.510409810139762
948_2302,3.279916181810268
950_2300,1.321830056398683
952_2298,4.0974774784395755
952_2300,2.2817461341613017
950_2302,8.756446161942531
952_2302,7.388743131280248
954_2304,8.901937809030386
966_2298,17.003343769614105
956_2288,16.977170079465367
960_2296,3.5167814194095635
962_2306,9.819386947837716
966_2304,12.547844341934725
964_2304,12.805986739714722
968_2296,6.988901713574053
900_2358,16.571743207218145
900_2356,14.578741126150467
900_2354,15.827706364610933
898_2352,16.479872793472143
912_2360,16.242243329521678
908_2338,15.2231453243157
908_2340,13.441720524883422
910_2338,6.931433334207498
908_2336,16.912505480184304
906_2338,16.788717770495246
906_2340,13.437706457037413
910_2336,16.4999110228255
916_2336,6.692745100396137
936_2330,3.1312013770219846
948_2326,3.9508915159690705
950_2324,15.758778092208154
946_2326,9.767678115432
942_2328,3.5323624562779776
940_2326,16.95595356348373
942_2324,15.479023989988583
940_2324,13.717114472716082
942_2326,16.960397668376515
944_2324,16.962767447386735
944_2322,16.966066309548008
942_2322,16.96256115099692
938_2320,16.963737401506222
938_2318,16.959136477227254
936_2322,16.961366486195267
972_2318,4.371438232789692
972_2316,16.0090266705121
974_2316,0.7975560431332613
966_2314,14.108102449323695
950_2314,16.979984988326564
952_2314,16.957981529048755
952_2316,16.971482692788072
938_2316,16.961068123635066
940_2316,16.95817397248295
940_2318,16.964364842674808
934_2314,16.943936501008494
934_2312,12.187408178449058
932_2314,16.95545369727446
934_2316,13.379629347438147
936_2314,16.633037679143662
936_2312,9.652610078230776
932_2316,16.947659414608164
936_2316,14.625491763958065
938_2314,16.959677158546477
938_2312,8.207037094377396
962_2322,0.15937564712920552
954_2322,16.97810770921557
952_2322,16.971812077942126
954_2320,16.980204260925984
956_2320,16.983035459286203
972_2314,12.350562190850082
970_2314,14.123138392722442
952_2308,1.9198089902840507
954_2306,15.317546613536317
956_2304,5.016806092592002
956_2306,16.90131572640477
958_2306,6.461809825646206
956_2308,10.301066890569093
954_2308,6.231658425525899
958_2308,3.805255088083812
960_2306,8.097590954833333
958_2318,16.983223399442373
956_2314,16.021470255812346
956_2312,0.688954763707089
928_2308,9.098551208951722
930_2308,8.202975668143191
888_2314,10.7564232497064
898_2318,3.536452145690479
896_2322,2.2999694978393372
920_2322,15.640075955889198
922_2320,13.581246802434647
922_2322,14.406660280313139
922_2326,16.936688912035752
928_2318,16.94696790581734
930_2316,16.95023573981539
928_2316,16.527849808426243
930_2314,16.953546901363406
930_2318,16.950996942760202
928_2320,16.949785778157796
926_2320,16.9458487998295
926_2322,16.93840561699752
926_2318,16.94464194061908
924_2320,16.939959177135243
924_2322,16.65122608192787
924_2318,16.459074534378125
922_2318,12.575122824875407
910_2348,12.098728866875378
910_2346,8.227886733495113
908_2346,16.81052599675446
910_2344,2.5501906017022433
946_2246,12.887522504450967
948_2246,12.325279822582424
944_2248,16.988077431788977
944_2246,12.685935773332446
946_2236,0.8085251385273147
946_2234,2.974572398748777
946_2232,5.70727743301809
888_2328,2.152974599857243
888_2326,1.3219192284391574
906_2336,16.907841621963314
904_2338,16.9085911884235
904_2340,11.506123901198908
904_2342,6.116091666865312
902_2338,15.41050234804788
954_2294,16.468033419719262
952_2296,8.277668371249261
948_2310,16.976843304020395
946_2310,16.97018315962489
946_2308,16.831798377436282
938_2308,16.755211122633597
940_2308,16.960684962576863
942_2308,16.96484380961411
938_2310,12.649891668359606
936_2310,2.389772523486043
940_2310,16.959574023973538
936_2308,8.654229483772399
930_2302,1.0329703104476884
888_2280,0.34017712342596096
962_2304,16.24636129502184
964_2302,16.99587582059438
966_2302,11.999179132895012
946_2306,1.8008805726732215
966_2300,16.999882771702595
968_2300,8.196884846090725
968_2298,11.265643787070461
968_2302,16.652137723634304
970_2300,0.34593014386512877
970_2302,3.2442755090121853
956_2290,14.52303434151168
968_2304,16.649124917552097
914_2360,3.606437820480303
908_2334,10.148386734477068
940_2328,9.348786964517938
938_2328,14.680190345996035
938_2326,16.963360648591905
928_2328,8.99381925513417
930_2326,16.43132933691933
936_2328,16.953060541289403
936_2324,16.950461496062474
938_2322,16.954452348852158
934_2324,16.947852987738464
934_2330,8.932765556753699
930_2332,2.7415930549537277
930_2330,16.94786842161573
948_2324,16.97127343233753
944_2326,15.411628831430663
938_2324,16.9548431729052
940_2322,16.95642875065158
968_2314,16.183691867673343
948_2314,16.975942667436083
946_2316,16.970611958790865
944_2320,16.96212006064424
944_2318,16.970968773873533
954_2314,16.720722765282012
954_2316,16.97817038416509
940_2312,16.969868451824063
942_2310,16.97239441567881
972_2312,8.09860159735995
958_2316,16.984232885822948
952_2310,7.122917598901436
954_2312,0.05271366907351547
952_2312,10.804395794948842
930_2310,0.31293878073702747
894_2320,1.2810507643685525
922_2324,16.935347806988535
926_2316,12.86548917071686
928_2314,8.705000614478138
946_2248,16.954084876843503
946_2230,11.556687392399573
896_2328,1.4504139267643774
898_2328,3.557441054977819
896_2330,1.1649256897718112
896_2326,2.560540123532243
894_2332,0.08983736727483588
892_2332,3.0071019215961035
890_2332,5.455896716855944
894_2324,0.24443004451953823
896_2324,7.7745016645455625
894_2326,6.424995182391587
894_2328,2.975807470948261
892_2328,1.8993926843115347
892_2326,0.9470401806706712
890_2326,4.842367404102774
890_2328,4.520323600126942
892_2324,0.6245639215286122
892_2322,2.3984267380398108
892_2320,0.0808804897071359
902_2346,8.223498549207095
904_2346,7.874157538253895
906_2346,9.76781633919593
906_2344,0.15759791639138077
908_2344,4.46782564005802
908_2342,15.758874972233915
906_2342,12.133062734801822
954_2296,11.717451849412832
944_2308,16.971333703590453
944_2310,16.97060891887235
942_2312,16.901176807535517
890_2280,10.793067727494671
910_2342,1.0775183459709494
914_2336,11.732844541631778
912_2336,12.339215070347269
912_2334,13.064922241115681
912_2338,1.3641116587596471
932_2330,14.667120037438183
934_2328,16.951378543363308
932_2324,16.954016096598004
932_2326,16.947603899435464
930_2328,13.798583088197704
946_2322,16.966715631319712
946_2324,16.963092955532844
940_2320,16.96617742576786
942_2316,16.96697676372381
942_2318,16.968059873704338
954_2318,16.976681672681107
940_2314,16.96100533665088
944_2312,13.10633383296156
946_2312,16.739895727235428
944_2314,11.554142848332374
946_2314,15.481170909102651
948_2312,16.97166446157366
944_2316,16.968222799430592
970_2312,16.997324820144375
956_2316,16.979087189077497
950_2310,16.08824010554702
930_2312,14.257045680054643
924_2324,16.941543404599937
948_2230,16.99987378263769
894_2330,1.0780529489786295
894_2322,1.5054288255948896
910_2334,10.902906046879686
936_2326,16.95448366903486
932_2328,16.949086157737167
942_2320,16.961788640242258
942_2314,15.547760265853757
956_2318,16.98277598702333
950_2312,16.975209744047742
932_2312,9.780701494082983
934_2326,16.948271300160634
